motif,motif_type,log2FC_antibacterial,log2FC_hemolytic
AAAAAAA,antibacterial_selective,2.7805166630783726,0.0
AAAKAAA,antibacterial_selective,10.0,0.0
AAEVYGT,antibacterial_selective,-10.0,0.0
AAKAAAK,antibacterial_selective,3.81293814077075,0.0
AAKDIAG,antibacterial_selective,3.6430131393284375,0.0
AAKKAAK,antibacterial_selective,3.408547885691415,0.0
AAKKAKK,antibacterial_selective,10.0,0.0
AAKKAWK,antibacterial_selective,10.0,0.0
AAKLWLK,antibacterial_selective,10.0,0.0
AAKSAGV,antibacterial_selective,3.906047545162232,0.0
AAPVLST,antibacterial_selective,10.0,0.0
AAQSVLK,antibacterial_selective,2.9060475451622314,0.0
AATYVLV,antibacterial_selective,-10.0,0.0
AAVARFF,antibacterial_selective,-10.0,0.0
ACISEKF,antibacterial_selective,10.0,0.0
ACKISKQ,antibacterial_selective,3.713402467219836,0.0
ACRAIRH,antibacterial_selective,10.0,0.0
ADAVTLD,antibacterial_selective,-10.0,0.0
ADKGQFP,antibacterial_selective,-10.0,0.0
ADKIMLK,antibacterial_selective,10.0,0.0
ADSQHRS,antibacterial_selective,-10.0,0.0
AECKRRG,antibacterial_selective,-10.0,0.0
AEDLARY,antibacterial_selective,-10.0,0.0
AENRADA,antibacterial_selective,-10.0,0.0
AERDEYE,antibacterial_selective,-10.0,0.0
AEVYGTE,antibacterial_selective,-10.0,0.0
AFINGRW,antibacterial_selective,10.0,0.0
AFIREST,antibacterial_selective,-10.0,0.0
AFKCLRD,antibacterial_selective,-10.0,0.0
AFKFAFK,antibacterial_selective,10.0,0.0
AFSSQEP,antibacterial_selective,-10.0,0.0
AGDVAFI,antibacterial_selective,-10.0,0.0
AGHLASK,antibacterial_selective,3.2279756400495936,0.0
AGIVGGA,antibacterial_selective,-10.0,0.0
AGLAPYK,antibacterial_selective,-10.0,0.0
AGLQFPV,antibacterial_selective,2.7540444517171814,0.0
AGPAVAV,antibacterial_selective,2.1284399664986795,0.0
AGPLRAT,antibacterial_selective,10.0,0.0
AGTGENK,antibacterial_selective,-10.0,0.0
AGVAAEM,antibacterial_selective,3.713402467219836,0.0
AGVSVLN,antibacterial_selective,4.227975640049594,0.0
AGWNVPI,antibacterial_selective,-10.0,0.0
AHCIARR,antibacterial_selective,-10.0,0.0
AHCLSIG,antibacterial_selective,10.0,0.0
AHGVKKY,antibacterial_selective,10.0,0.0
AIAENRA,antibacterial_selective,-10.0,0.0
AIAEYAA,antibacterial_selective,-10.0,0.0
AIAKLED,antibacterial_selective,4.81293814077075,0.0
AIDLAKS,antibacterial_selective,10.0,0.0
AIEKLLQ,antibacterial_selective,-10.0,0.0
AIGFSRV,antibacterial_selective,-10.0,0.0
AIGVAKG,antibacterial_selective,10.0,0.0
AIHAGKA,antibacterial_selective,3.4910100458833875,0.0
AIISAAP,antibacterial_selective,10.0,0.0
AIKKINN,antibacterial_selective,10.0,0.0
AIKKKIE,antibacterial_selective,-10.0,0.0
AINNYRW,antibacterial_selective,2.643013139328437,0.0
AIPMSIP,antibacterial_selective,-10.0,0.0
AIQNLRK,antibacterial_selective,-10.0,0.0
AIRHIPR,antibacterial_selective,10.0,0.0
AIWNLLR,antibacterial_selective,-10.0,0.0
AKAAAKA,antibacterial_selective,2.9060475451622314,0.0
AKDIAGH,antibacterial_selective,3.5690125578846605,0.0
AKFASKG,antibacterial_selective,3.4910100458833875,0.0
AKKAAKK,antibacterial_selective,10.0,0.0
AKKAAKW,antibacterial_selective,10.0,0.0
AKKAKKA,antibacterial_selective,10.0,0.0
AKKAWKA,antibacterial_selective,10.0,0.0
AKKFAKA,antibacterial_selective,3.713402467219836,0.0
AKKKAKK,antibacterial_selective,10.0,0.0
AKKLAKK,antibacterial_selective,2.606487263303324,0.0
AKKLAKL,antibacterial_selective,1.906047545162232,0.0
AKKLKKL,antibacterial_selective,2.7805166630783726,0.0
AKKTVLH,antibacterial_selective,10.0,0.0
AKKVFKR,antibacterial_selective,3.321085044441076,0.0
AKLAKKL,antibacterial_selective,2.107681406331882,0.0
AKLEDAK,antibacterial_selective,4.606487263303324,0.0
AKLGVDL,antibacterial_selective,10.0,0.0
AKLLAKA,antibacterial_selective,10.0,0.0
AKLLAKL,antibacterial_selective,2.2845591684159614,0.0
AKLWLKA,antibacterial_selective,10.0,0.0
AKSAGVS,antibacterial_selective,3.906047545162232,0.0
AKVDAMS,antibacterial_selective,10.0,0.0
AKVKLIK,antibacterial_selective,-10.0,0.0
ALALKAL,antibacterial_selective,2.9060475451622314,0.0
ALFKALS,antibacterial_selective,10.0,0.0
ALGVATS,antibacterial_selective,-10.0,0.0
ALKALKK,antibacterial_selective,1.9060475451622312,0.0
ALLAVAK,antibacterial_selective,10.0,0.0
ALLEQAQ,antibacterial_selective,-10.0,0.0
ALNAAKS,antibacterial_selective,10.0,0.0
ALQEQQE,antibacterial_selective,-10.0,0.0
ALQKASE,antibacterial_selective,10.0,0.0
ALQYIKL,antibacterial_selective,10.0,0.0
ALRLWKK,antibacterial_selective,10.0,0.0
ALWNVAK,antibacterial_selective,10.0,0.0
AMRAINN,antibacterial_selective,2.643013139328437,0.0
AMSKKQI,antibacterial_selective,10.0,0.0
ANIINSI,antibacterial_selective,10.0,0.0
ANTVQKL,antibacterial_selective,10.0,0.0
APYKLRP,antibacterial_selective,-10.0,0.0
AQAKVDA,antibacterial_selective,10.0,0.0
AQAQKII,antibacterial_selective,10.0,0.0
AQKIIKG,antibacterial_selective,10.0,0.0
AREIWAT,antibacterial_selective,-10.0,0.0
ARFFSAS,antibacterial_selective,-10.0,0.0
ARIEALI,antibacterial_selective,-10.0,0.0
ARIEALL,antibacterial_selective,-10.0,0.0
ARQLLSG,antibacterial_selective,-10.0,0.0
ARRWAWR,antibacterial_selective,10.0,0.0
ARRYRGG,antibacterial_selective,-10.0,0.0
ARSVNGK,antibacterial_selective,-10.0,0.0
ARVPSHA,antibacterial_selective,-10.0,0.0
ASCKLAK,antibacterial_selective,10.0,0.0
ASCVPGA,antibacterial_selective,-10.0,0.0
ASDHNCA,antibacterial_selective,-10.0,0.0
ASFALVC,antibacterial_selective,-10.0,0.0
ASKGLGK,antibacterial_selective,3.713402467219836,0.0
ASKVANT,antibacterial_selective,10.0,0.0
ASKVFPA,antibacterial_selective,-10.0,0.0
ASKVMNK,antibacterial_selective,4.153975058605817,0.0
ASKVVPS,antibacterial_selective,-10.0,0.0
ASVCQTE,antibacterial_selective,-10.0,0.0
ASVIGGL,antibacterial_selective,1.906047545162232,0.0
ATCDLAS,antibacterial_selective,-10.0,0.0
ATCEQIA,antibacterial_selective,-10.0,0.0
ATCTCGK,antibacterial_selective,10.0,0.0
ATLFKKA,antibacterial_selective,-10.0,0.0
ATSAQIT,antibacterial_selective,-10.0,0.0
ATTGLPA,antibacterial_selective,10.0,0.0
AVAKKIL,antibacterial_selective,10.0,0.0
AVARFFS,antibacterial_selective,-10.0,0.0
AVAVVGQ,antibacterial_selective,2.391474372332473,0.0
AVAVVKK,antibacterial_selective,-10.0,0.0
AVGMAAG,antibacterial_selective,10.0,0.0
AVKIMVK,antibacterial_selective,10.0,0.0
AVKTVLH,antibacterial_selective,10.0,0.0
AVLGEAK,antibacterial_selective,3.4910100458833875,0.0
AVLSCLP,antibacterial_selective,3.4910100458833875,0.0
AVNYTSD,antibacterial_selective,-10.0,0.0
AVNYTSN,antibacterial_selective,-10.0,0.0
AVQSVQS,antibacterial_selective,-10.0,0.0
AVTELQL,antibacterial_selective,-10.0,0.0
AVTLDGG,antibacterial_selective,-10.0,0.0
AVVARSV,antibacterial_selective,-10.0,0.0
AVVGQAA,antibacterial_selective,3.906047545162232,0.0
AVVKKGG,antibacterial_selective,-10.0,0.0
AWHVLGK,antibacterial_selective,10.0,0.0
AWRKAFR,antibacterial_selective,10.0,0.0
AWRMLKK,antibacterial_selective,3.906047545162232,0.0
CAASKKC,antibacterial_selective,4.365479163799528,0.0
CAFSSQE,antibacterial_selective,-10.0,0.0
CAGPLRA,antibacterial_selective,10.0,0.0
CAGTGEN,antibacterial_selective,-10.0,0.0
CAITKKC,antibacterial_selective,2.4910100458833875,0.0
CASVCQT,antibacterial_selective,-10.0,0.0
CATCEQI,antibacterial_selective,-10.0,0.0
CAVLSCL,antibacterial_selective,3.4910100458833875,0.0
CCGGIEK,antibacterial_selective,-10.0,0.0
CCGGIKK,antibacterial_selective,-10.0,0.0
CCHVGKG,antibacterial_selective,-10.0,0.0
CEEEKRE,antibacterial_selective,-10.0,0.0
CEQIADS,antibacterial_selective,-10.0,0.0
CESQSHK,antibacterial_selective,-10.0,0.0
CFDRVKM,antibacterial_selective,10.0,0.0
CFSIDSP,antibacterial_selective,10.0,0.0
CGGALIH,antibacterial_selective,-10.0,0.0
CGGIEKK,antibacterial_selective,-10.0,0.0
CGSFLNV,antibacterial_selective,-10.0,0.0
CHAHCLS,antibacterial_selective,10.0,0.0
CHLARVP,antibacterial_selective,-10.0,0.0
CHNHCKS,antibacterial_selective,3.075972546604544,0.0
CHRFSNG,antibacterial_selective,10.0,0.0
CHTGLRR,antibacterial_selective,-10.0,0.0
CHVGKGY,antibacterial_selective,-10.0,0.0
CIARRYR,antibacterial_selective,-10.0,0.0
CIQAIAE,antibacterial_selective,-10.0,0.0
CIRLEKA,antibacterial_selective,-10.0,0.0
CISEKFT,antibacterial_selective,10.0,0.0
CKIISAS,antibacterial_selective,-10.0,0.0
CKISKQC,antibacterial_selective,3.713402467219836,0.0
CKLDKSC,antibacterial_selective,3.4910100458833875,0.0
CKLSNDC,antibacterial_selective,10.0,0.0
CKNQCIN,antibacterial_selective,-10.0,0.0
CKNQCIR,antibacterial_selective,-10.0,0.0
CLPKEEQ,antibacterial_selective,2.713402467219836,0.0
CLRDGAG,antibacterial_selective,-10.0,0.0
CLSIGRK,antibacterial_selective,10.0,0.0
CLVFKKC,antibacterial_selective,10.0,0.0
CLVFLAS,antibacterial_selective,-10.0,0.0
CNAECKR,antibacterial_selective,-10.0,0.0
CNGECKR,antibacterial_selective,-10.0,0.0
CNGTDAK,antibacterial_selective,-10.0,0.0
CNSKAVC,antibacterial_selective,-10.0,0.0
CPDNTRK,antibacterial_selective,-10.0,0.0
CQRPSGT,antibacterial_selective,-10.0,0.0
CQTERFS,antibacterial_selective,-10.0,0.0
CRAIRHI,antibacterial_selective,3.713402467219836,0.0
CRCVCRR,antibacterial_selective,2.9060475451622314,0.0
CRGISFS,antibacterial_selective,-10.0,0.0
CRKACIS,antibacterial_selective,10.0,0.0
CRKPIIC,antibacterial_selective,10.0,0.0
CRKPVVC,antibacterial_selective,10.0,0.0
CRLCAGT,antibacterial_selective,-10.0,0.0
CRRPLYC,antibacterial_selective,10.0,0.0
CRVYNNG,antibacterial_selective,-10.0,0.0
CSRLGRC,antibacterial_selective,-10.0,0.0
CSTRGRK,antibacterial_selective,3.713402467219836,0.0
CSYPICK,antibacterial_selective,10.0,0.0
CVCRRGI,antibacterial_selective,10.0,0.0
CVPGADK,antibacterial_selective,-10.0,0.0
CVPIRCP,antibacterial_selective,-10.0,0.0
DAIWNLL,antibacterial_selective,-10.0,0.0
DAKELLE,antibacterial_selective,4.075972546604544,0.0
DAKVKLI,antibacterial_selective,-10.0,0.0
DAMSKKQ,antibacterial_selective,10.0,0.0
DAVTLDG,antibacterial_selective,-10.0,0.0
DCHLARV,antibacterial_selective,-10.0,0.0
DCNGECK,antibacterial_selective,-10.0,0.0
DEAERDE,antibacterial_selective,-10.0,0.0
DEYELLC,antibacterial_selective,-10.0,0.0
DGAGDVA,antibacterial_selective,-10.0,0.0
DGGFIYE,antibacterial_selective,-10.0,0.0
DGIIKAG,antibacterial_selective,1.81293814077075,0.0
DHNCASV,antibacterial_selective,-10.0,0.0
DIAGHLA,antibacterial_selective,3.5690125578846605,0.0
DIEQNNV,antibacterial_selective,4.81293814077075,0.0
DIIKKIA,antibacterial_selective,10.0,0.0
DILKGAA,antibacterial_selective,2.7805166630783726,0.0
DILKYGK,antibacterial_selective,10.0,0.0
DILTGKK,antibacterial_selective,4.606487263303324,0.0
DIVRGIR,antibacterial_selective,10.0,0.0
DKFKDCH,antibacterial_selective,-10.0,0.0
DKGQFPN,antibacterial_selective,-10.0,0.0
DKIMLKK,antibacterial_selective,10.0,0.0
DKKIEEY,antibacterial_selective,-2.553384073475066,0.0
DKSPKFQ,antibacterial_selective,-10.0,0.0
DKYKNAV,antibacterial_selective,-10.0,0.0
DLAKLGV,antibacterial_selective,10.0,0.0
DLAKSAG,antibacterial_selective,10.0,0.0
DLARYYS,antibacterial_selective,-10.0,0.0
DLGPPIS,antibacterial_selective,2.643013139328437,0.0
DLLFKDS,antibacterial_selective,-10.0,0.0
DLQQKFY,antibacterial_selective,10.0,0.0
DLSDEAE,antibacterial_selective,-10.0,0.0
DNTRKPV,antibacterial_selective,-10.0,0.0
DRAIAEY,antibacterial_selective,-10.0,0.0
DRHHCEY,antibacterial_selective,-10.0,0.0
DRVKMGF,antibacterial_selective,10.0,0.0
DSAIGFS,antibacterial_selective,-10.0,0.0
DSGLYLG,antibacterial_selective,-10.0,0.0
DSPDSLE,antibacterial_selective,10.0,0.0
DSPIQCI,antibacterial_selective,-3.0939524548377686,0.0
DSQCHRF,antibacterial_selective,10.0,0.0
DSQHRSH,antibacterial_selective,-10.0,0.0
DTLKQFA,antibacterial_selective,2.713402467219836,0.0
DTVKNAA,antibacterial_selective,3.4910100458833875,0.0
DVAFIRE,antibacterial_selective,-10.0,0.0
DVFTNWL,antibacterial_selective,-10.0,0.0
DVILMCF,antibacterial_selective,10.0,0.0
DWEHLKD,antibacterial_selective,10.0,0.0
EAALREL,antibacterial_selective,-10.0,0.0
EAAVARF,antibacterial_selective,-10.0,0.0
EAERDEY,antibacterial_selective,-10.0,0.0
EAGLAPY,antibacterial_selective,-10.0,0.0
EAIEKLL,antibacterial_selective,-10.0,0.0
EAIKKKI,antibacterial_selective,-10.0,0.0
EAIPMSI,antibacterial_selective,-10.0,0.0
EAQAKVD,antibacterial_selective,10.0,0.0
EAWDRAI,antibacterial_selective,-10.0,0.0
ECHAHCL,antibacterial_selective,10.0,0.0
ECKTESN,antibacterial_selective,10.0,0.0
EDAIWNL,antibacterial_selective,-10.0,0.0
EDAKELL,antibacterial_selective,4.227975640049594,0.0
EDLARYY,antibacterial_selective,-10.0,0.0
EDLSDEA,antibacterial_selective,-10.0,0.0
EEAQAKV,antibacterial_selective,10.0,0.0
EEIEKKI,antibacterial_selective,-10.0,0.0
EEIEKLL,antibacterial_selective,-10.0,0.0
EEQIGKC,antibacterial_selective,3.4910100458833875,0.0
EEWDKKI,antibacterial_selective,-2.553384073475066,0.0
EGIKSLF,antibacterial_selective,3.713402467219836,0.0
EGISKEE,antibacterial_selective,10.0,0.0
EHEHEHE,antibacterial_selective,-10.0,0.0
EHLKDWE,antibacterial_selective,10.0,0.0
EIEKKIE,antibacterial_selective,-10.0,0.0
EIEKLLQ,antibacterial_selective,-10.0,0.0
EIIMDIE,antibacterial_selective,4.81293814077075,0.0
EIKKKWR,antibacterial_selective,10.0,0.0
EIWATLF,antibacterial_selective,-10.0,0.0
EKFGKDK,antibacterial_selective,-10.0,0.0
EKFGKNK,antibacterial_selective,-10.0,0.0
EKFTDGH,antibacterial_selective,2.9060475451622314,0.0
EKKIEAI,antibacterial_selective,-10.0,0.0
EKLEAAL,antibacterial_selective,-10.0,0.0
EKLKKIG,antibacterial_selective,2.2015034286884023,0.0
EKNEAAL,antibacterial_selective,-10.0,0.0
EKVGRNV,antibacterial_selective,2.043551068912166,0.0
ELDKYKN,antibacterial_selective,-10.0,0.0
ELIKKSE,antibacterial_selective,-10.0,0.0
ELLCPDN,antibacterial_selective,-10.0,0.0
ELQGLKS,antibacterial_selective,-10.0,0.0
ELQKLNS,antibacterial_selective,-10.0,0.0
ELQLLMQ,antibacterial_selective,-10.0,0.0
ELSNIKE,antibacterial_selective,-10.0,0.0
ENKCAFS,antibacterial_selective,-10.0,0.0
ENKCNGT,antibacterial_selective,-10.0,0.0
ENRADAV,antibacterial_selective,-10.0,0.0
EPIEAAV,antibacterial_selective,-10.0,0.0
EPYFSYS,antibacterial_selective,-10.0,0.0
EQIADSQ,antibacterial_selective,-10.0,0.0
EQIGKCS,antibacterial_selective,3.4910100458833875,0.0
EQNNVQG,antibacterial_selective,4.606487263303324,0.0
EQQEKNE,antibacterial_selective,-10.0,0.0
ERDEYEL,antibacterial_selective,-10.0,0.0
ERLDVGT,antibacterial_selective,1.81293814077075,0.0
ERQPRTH,antibacterial_selective,-10.0,0.0
ESQSHKF,antibacterial_selective,-10.0,0.0
ESTVFED,antibacterial_selective,-10.0,0.0
ETCFKGK,antibacterial_selective,10.0,0.0
ETLAQAQ,antibacterial_selective,10.0,0.0
EVLGYER,antibacterial_selective,3.4910100458833875,0.0
EVVAATY,antibacterial_selective,-10.0,0.0
EVYGTER,antibacterial_selective,-10.0,0.0
EWDKKIE,antibacterial_selective,-2.553384073475066,0.0
EWFKARR,antibacterial_selective,10.0,0.0
EWIRRSN,antibacterial_selective,3.713402467219836,0.0
EWYNQTK,antibacterial_selective,10.0,0.0
EYELLCP,antibacterial_selective,-10.0,0.0
EYELQKL,antibacterial_selective,-10.0,0.0
FAFKFAF,antibacterial_selective,10.0,0.0
FAKKLAK,antibacterial_selective,4.075972546604544,0.0
FAKLLAK,antibacterial_selective,3.5690125578846605,0.0
FALGAVT,antibacterial_selective,10.0,0.0
FALVCQG,antibacterial_selective,-10.0,0.0
FASKGLG,antibacterial_selective,3.713402467219836,0.0
FCAGPLR,antibacterial_selective,10.0,0.0
FCAITKK,antibacterial_selective,2.606487263303324,0.0
FCGGALI,antibacterial_selective,-10.0,0.0
FDIIKKI,antibacterial_selective,10.0,0.0
FDRVKMG,antibacterial_selective,10.0,0.0
FEDLSDE,antibacterial_selective,-10.0,0.0
FFGNTWK,antibacterial_selective,10.0,0.0
FFRRLRR,antibacterial_selective,10.0,0.0
FFSASCV,antibacterial_selective,-10.0,0.0
FGCNGPW,antibacterial_selective,2.713402467219836,0.0
FGFCAGP,antibacterial_selective,10.0,0.0
FGKDKSP,antibacterial_selective,-10.0,0.0
FGKKFVK,antibacterial_selective,10.0,0.0
FGKNKSR,antibacterial_selective,-10.0,0.0
FGNTWKK,antibacterial_selective,10.0,0.0
FGSPSGQ,antibacterial_selective,-10.0,0.0
FHNVLSS,antibacterial_selective,10.0,0.0
FHRGGGF,antibacterial_selective,10.0,0.0
FIKHFIH,antibacterial_selective,-10.0,0.0
FINGRWD,antibacterial_selective,10.0,0.0
FIRESTV,antibacterial_selective,-10.0,0.0
FIYEAGL,antibacterial_selective,-10.0,0.0
FKAGAKY,antibacterial_selective,3.4910100458833875,0.0
FKALSKL,antibacterial_selective,10.0,0.0
FKCLRDG,antibacterial_selective,-10.0,0.0
FKDCHLA,antibacterial_selective,-10.0,0.0
FKDSAIG,antibacterial_selective,-10.0,0.0
FKFAFKF,antibacterial_selective,10.0,0.0
FKGPCAS,antibacterial_selective,-10.0,0.0
FKKIFKR,antibacterial_selective,10.0,0.0
FKKILKV,antibacterial_selective,10.0,0.0
FKKLSPV,antibacterial_selective,3.906047545162232,0.0
FKLASKV,antibacterial_selective,-10.0,0.0
FKRFRKK,antibacterial_selective,4.365479163799528,0.0
FKRLGIG,antibacterial_selective,3.4910100458833875,0.0
FLASFAL,antibacterial_selective,-10.0,0.0
FLGALWK,antibacterial_selective,10.0,0.0
FLGALWN,antibacterial_selective,10.0,0.0
FLGKVFK,antibacterial_selective,-10.0,0.0
FLGVVFK,antibacterial_selective,-10.0,0.0
FLNVNCW,antibacterial_selective,-10.0,0.0
FLNWTGP,antibacterial_selective,-10.0,0.0
FLPKIFC,antibacterial_selective,1.6430131393284375,0.0
FLPTIIC,antibacterial_selective,10.0,0.0
FLRRISK,antibacterial_selective,4.365479163799528,0.0
FLVLFLG,antibacterial_selective,-10.0,0.0
FMDTAKN,antibacterial_selective,2.9060475451622314,0.0
FPAVFGK,antibacterial_selective,-10.0,0.0
FPGICIT,antibacterial_selective,3.4910100458833875,0.0
FPNLCRL,antibacterial_selective,-10.0,0.0
FPVGRVH,antibacterial_selective,3.1284399664986795,0.0
FPWWWPF,antibacterial_selective,3.4910100458833875,0.0
FQLFGSP,antibacterial_selective,-10.0,0.0
FQLNELQ,antibacterial_selective,-10.0,0.0
FQNRRMK,antibacterial_selective,-3.263877456280081,0.0
FRGVAKF,antibacterial_selective,10.0,0.0
FRKKFKK,antibacterial_selective,10.0,0.0
FRPPFRP,antibacterial_selective,-10.0,0.0
FRRFFRR,antibacterial_selective,10.0,0.0
FRRLRRS,antibacterial_selective,10.0,0.0
FRRLRWK,antibacterial_selective,10.0,0.0
FRVYRGI,antibacterial_selective,3.713402467219836,0.0
FRWPIRR,antibacterial_selective,3.713402467219836,0.0
FSASCVP,antibacterial_selective,-10.0,0.0
FSIDSPD,antibacterial_selective,10.0,0.0
FSKIQND,antibacterial_selective,10.0,0.0
FSKIWNW,antibacterial_selective,10.0,0.0
FSNGAIA,antibacterial_selective,10.0,0.0
FSRVPPR,antibacterial_selective,-10.0,0.0
FSSIFRG,antibacterial_selective,10.0,0.0
FSSLFKA,antibacterial_selective,3.4910100458833875,0.0
FSSQEPY,antibacterial_selective,-10.0,0.0
FSYSGAF,antibacterial_selective,-10.0,0.0
FTAIQNL,antibacterial_selective,-10.0,0.0
FTDGHCS,antibacterial_selective,2.9060475451622314,0.0
FVAGVAA,antibacterial_selective,3.906047545162232,0.0
FVMTAAS,antibacterial_selective,-10.0,0.0
FVRPLPG,antibacterial_selective,-10.0,0.0
FWPVVIR,antibacterial_selective,10.0,0.0
FYEIIMD,antibacterial_selective,10.0,0.0
GAAKDIA,antibacterial_selective,3.6430131393284375,0.0
GACRAIR,antibacterial_selective,10.0,0.0
GADKGQF,antibacterial_selective,-10.0,0.0
GAFINGR,antibacterial_selective,10.0,0.0
GAFKCLR,antibacterial_selective,-10.0,0.0
GAGDVAF,antibacterial_selective,-10.0,0.0
GALFKAL,antibacterial_selective,10.0,0.0
GALWNVA,antibacterial_selective,10.0,0.0
GAVLKVA,antibacterial_selective,10.0,0.0
GCKIISA,antibacterial_selective,-10.0,0.0
GCTCSYP,antibacterial_selective,3.4910100458833875,0.0
GDVAFIR,antibacterial_selective,-10.0,0.0
GECKRRG,antibacterial_selective,-10.0,0.0
GEKLKKI,antibacterial_selective,3.713402467219836,0.0
GENKCAF,antibacterial_selective,-10.0,0.0
GETCFKG,antibacterial_selective,10.0,0.0
GEWYNQT,antibacterial_selective,10.0,0.0
GFCAGPL,antibacterial_selective,10.0,0.0
GFFGNTW,antibacterial_selective,10.0,0.0
GFGCNGP,antibacterial_selective,2.713402467219836,0.0
GFHRGGG,antibacterial_selective,10.0,0.0
GFIYEAG,antibacterial_selective,-10.0,0.0
GFSRVPP,antibacterial_selective,-10.0,0.0
GFSSIFR,antibacterial_selective,10.0,0.0
GFSSLFK,antibacterial_selective,3.4910100458833875,0.0
GGFHRGG,antibacterial_selective,10.0,0.0
GGFIYEA,antibacterial_selective,-10.0,0.0
GGGFHRG,antibacterial_selective,10.0,0.0
GGGGGYG,antibacterial_selective,-10.0,0.0
GGGGSGG,antibacterial_selective,-10.0,0.0
GGGGYGG,antibacterial_selective,-10.0,0.0
GGGRGGG,antibacterial_selective,-10.0,0.0
GGGSGGG,antibacterial_selective,-10.0,0.0
GGIEKKI,antibacterial_selective,-10.0,0.0
GGIKKEI,antibacterial_selective,-10.0,0.0
GGKLWLK,antibacterial_selective,10.0,0.0
GGSFQLN,antibacterial_selective,-10.0,0.0
GGSGGGG,antibacterial_selective,-10.0,0.0
GGYCNSK,antibacterial_selective,-10.0,0.0
GGYGGGG,antibacterial_selective,-10.0,0.0
GHCGSFL,antibacterial_selective,-10.0,0.0
GHGQHGV,antibacterial_selective,10.0,0.0
GHKLGEF,antibacterial_selective,-10.0,0.0
GHLASKV,antibacterial_selective,3.2279756400495936,0.0
GHSCWSC,antibacterial_selective,10.0,0.0
GICITKP,antibacterial_selective,3.4910100458833875,0.0
GIEKKIE,antibacterial_selective,-10.0,0.0
GIGAVLK,antibacterial_selective,1.6064872633033234,0.0
GIHDILK,antibacterial_selective,10.0,0.0
GIIKAGP,antibacterial_selective,1.9060475451622312,0.0
GIIKKII,antibacterial_selective,3.906047545162232,0.0
GIKKEIE,antibacterial_selective,-10.0,0.0
GIKKWIK,antibacterial_selective,4.075972546604544,0.0
GILDTLK,antibacterial_selective,2.9060475451622314,0.0
GIMSSLM,antibacterial_selective,10.0,0.0
GIPCGES,antibacterial_selective,1.6064872633033234,0.0
GIQQLQK,antibacterial_selective,3.4910100458833875,0.0
GIRKVAA,antibacterial_selective,10.0,0.0
GISFSQA,antibacterial_selective,-10.0,0.0
GISKEEA,antibacterial_selective,10.0,0.0
GKADKIM,antibacterial_selective,10.0,0.0
GKAGAQQ,antibacterial_selective,3.4910100458833875,0.0
GKCSTRG,antibacterial_selective,3.713402467219836,0.0
GKDKSPK,antibacterial_selective,-10.0,0.0
GKDLAKL,antibacterial_selective,10.0,0.0
GKEDAIW,antibacterial_selective,-10.0,0.0
GKIAEKV,antibacterial_selective,10.0,0.0
GKKALQK,antibacterial_selective,10.0,0.0
GKKFVKK,antibacterial_selective,10.0,0.0
GKKGIQQ,antibacterial_selective,10.0,0.0
GKKGKKG,antibacterial_selective,-10.0,0.0
GKKLFKK,antibacterial_selective,10.0,0.0
GKLWEGV,antibacterial_selective,10.0,0.0
GKLWLKG,antibacterial_selective,10.0,0.0
GKVLKWI,antibacterial_selective,4.227975640049594,0.0
GKWKWKW,antibacterial_selective,3.4910100458833875,0.0
GLAPYKL,antibacterial_selective,-10.0,0.0
GLFAVIK,antibacterial_selective,3.4910100458833875,0.0
GLFDVIK,antibacterial_selective,1.906047545162232,0.0
GLGKDLA,antibacterial_selective,10.0,0.0
GLIHRRR,antibacterial_selective,10.0,0.0
GLKKFAK,antibacterial_selective,10.0,0.0
GLKSCHT,antibacterial_selective,-10.0,0.0
GLPRKIL,antibacterial_selective,10.0,0.0
GLPTGLY,antibacterial_selective,-10.0,0.0
GLQFPVG,antibacterial_selective,2.8320469637184544,0.0
GLRRLGR,antibacterial_selective,4.713402467219836,0.0
GLRRTAG,antibacterial_selective,-10.0,0.0
GLYLGSG,antibacterial_selective,-10.0,0.0
GMRGREL,antibacterial_selective,10.0,0.0
GNGVYCN,antibacterial_selective,-3.0939524548377686,0.0
GNLIVAI,antibacterial_selective,-10.0,0.0
GNMSDVN,antibacterial_selective,-10.0,0.0
GNTWKKI,antibacterial_selective,10.0,0.0
GNWAREI,antibacterial_selective,-10.0,0.0
GPAVAVV,antibacterial_selective,2.043551068912166,0.0
GPCASDH,antibacterial_selective,-10.0,0.0
GPLRATC,antibacterial_selective,10.0,0.0
GPPEPIE,antibacterial_selective,-10.0,0.0
GPPISLE,antibacterial_selective,2.4910100458833875,0.0
GPTVLRI,antibacterial_selective,10.0,0.0
GQAATVV,antibacterial_selective,10.0,0.0
GQFPNLC,antibacterial_selective,-10.0,0.0
GQHGVHG,antibacterial_selective,10.0,0.0
GQKDLLF,antibacterial_selective,-10.0,0.0
GQKIKNF,antibacterial_selective,3.713402467219836,0.0
GQKIQGL,antibacterial_selective,2.321085044441076,0.0
GRCCHVG,antibacterial_selective,-10.0,0.0
GRELMGG,antibacterial_selective,10.0,0.0
GRFGRFL,antibacterial_selective,10.0,0.0
GRFKRFR,antibacterial_selective,4.365479163799528,0.0
GRFRRLR,antibacterial_selective,3.906047545162232,0.0
GRHFCGG,antibacterial_selective,-10.0,0.0
GRKCCRR,antibacterial_selective,3.713402467219836,0.0
GRKFGFC,antibacterial_selective,10.0,0.0
GRKIAHG,antibacterial_selective,10.0,0.0
GRLAKGL,antibacterial_selective,10.0,0.0
GRNIRNG,antibacterial_selective,2.713402467219836,0.0
GRNIYNT,antibacterial_selective,-10.0,0.0
GRNVRDG,antibacterial_selective,2.043551068912166,0.0
GRVHRLL,antibacterial_selective,3.4910100458833875,0.0
GRWDSQC,antibacterial_selective,10.0,0.0
GRWWRPG,antibacterial_selective,10.0,0.0
GSFLNVN,antibacterial_selective,-10.0,0.0
GSFQLNE,antibacterial_selective,-10.0,0.0
GSGGGGS,antibacterial_selective,-10.0,0.0
GSGYFTA,antibacterial_selective,-10.0,0.0
GSILGRL,antibacterial_selective,10.0,0.0
GSKKPVP,antibacterial_selective,2.2279756400495936,0.0
GSLLEQL,antibacterial_selective,10.0,0.0
GSPSGQK,antibacterial_selective,-10.0,0.0
GSSSGSS,antibacterial_selective,-10.0,0.0
GTDAKVK,antibacterial_selective,-10.0,0.0
GTERQPR,antibacterial_selective,-10.0,0.0
GTGENKC,antibacterial_selective,-10.0,0.0
GTLRPFL,antibacterial_selective,-10.0,0.0
GTNRIAK,antibacterial_selective,10.0,0.0
GVAAEMM,antibacterial_selective,3.713402467219836,0.0
GVAKFAS,antibacterial_selective,10.0,0.0
GVAKGAG,antibacterial_selective,10.0,0.0
GVATSAQ,antibacterial_selective,-10.0,0.0
GVKKYGP,antibacterial_selective,10.0,0.0
GVSGHGQ,antibacterial_selective,10.0,0.0
GVSKKIM,antibacterial_selective,10.0,0.0
GVSVLNS,antibacterial_selective,10.0,0.0
GWNVPIG,antibacterial_selective,-10.0,0.0
GWRDIVR,antibacterial_selective,10.0,0.0
GWVAGYC,antibacterial_selective,10.0,0.0
GWWRRTV,antibacterial_selective,3.906047545162232,0.0
GYCNSKA,antibacterial_selective,-10.0,0.0
GYERNSY,antibacterial_selective,3.4910100458833875,0.0
GYFTAIQ,antibacterial_selective,-10.0,0.0
GYKGGYC,antibacterial_selective,2.0986926231046272,0.0
HAGKAIH,antibacterial_selective,3.4910100458833875,0.0
HAHCLSI,antibacterial_selective,10.0,0.0
HAVVARS,antibacterial_selective,-10.0,0.0
HCGSFLN,antibacterial_selective,-10.0,0.0
HCIARRY,antibacterial_selective,-10.0,0.0
HCLSIGR,antibacterial_selective,10.0,0.0
HDILKYG,antibacterial_selective,10.0,0.0
HEAIKKI,antibacterial_selective,10.0,0.0
HEHEHEH,antibacterial_selective,-10.0,0.0
HFCGGAL,antibacterial_selective,-10.0,0.0
HFWHRGV,antibacterial_selective,10.0,0.0
HGLIHRR,antibacterial_selective,10.0,0.0
HGLLKRI,antibacterial_selective,10.0,0.0
HGQHGVH,antibacterial_selective,10.0,0.0
HGVKKYG,antibacterial_selective,10.0,0.0
HHHHHHH,antibacterial_selective,-10.0,0.0
HHHIHHI,antibacterial_selective,10.0,0.0
HHIGVAL,antibacterial_selective,10.0,0.0
HHIHHHI,antibacterial_selective,10.0,0.0
HHIHHIH,antibacterial_selective,10.0,0.0
HHIHHII,antibacterial_selective,10.0,0.0
HHIIHHI,antibacterial_selective,10.0,0.0
HIHHHIH,antibacterial_selective,10.0,0.0
HIHHIHH,antibacterial_selective,10.0,0.0
HIHHIIH,antibacterial_selective,10.0,0.0
HIIHHIH,antibacterial_selective,10.0,0.0
HIPRRIR,antibacterial_selective,10.0,0.0
HKFKGPC,antibacterial_selective,-10.0,0.0
HKKHKKH,antibacterial_selective,10.0,0.0
HLARVPS,antibacterial_selective,-10.0,0.0
HLKDWEH,antibacterial_selective,10.0,0.0
HLNKRVQ,antibacterial_selective,2.713402467219836,0.0
HNCASVC,antibacterial_selective,-10.0,0.0
HNHCKSI,antibacterial_selective,2.713402467219836,0.0
HPPRPPH,antibacterial_selective,10.0,0.0
HRCRVYN,antibacterial_selective,-10.0,0.0
HRFSNGA,antibacterial_selective,10.0,0.0
HRGGGFH,antibacterial_selective,10.0,0.0
HRIDLGP,antibacterial_selective,3.713402467219836,0.0
HRSHRQM,antibacterial_selective,-10.0,0.0
HSLLVTL,antibacterial_selective,10.0,0.0
HTGLRRT,antibacterial_selective,-10.0,0.0
HVGKGYS,antibacterial_selective,-10.0,0.0
HVYCAAS,antibacterial_selective,2.4910100458833875,0.0
HWRRFWH,antibacterial_selective,10.0,0.0
HYGKKAL,antibacterial_selective,10.0,0.0
HYYAVAV,antibacterial_selective,-10.0,0.0
IAAKVGS,antibacterial_selective,2.713402467219836,0.0
IADSQHR,antibacterial_selective,-10.0,0.0
IAENRAD,antibacterial_selective,-10.0,0.0
IAGHLAS,antibacterial_selective,3.5690125578846605,0.0
IAGYNLY,antibacterial_selective,10.0,0.0
IAKLEDA,antibacterial_selective,4.713402467219836,0.0
IAMRAIN,antibacterial_selective,2.643013139328437,0.0
IANIINS,antibacterial_selective,10.0,0.0
IARRYRG,antibacterial_selective,-10.0,0.0
IASKVAN,antibacterial_selective,10.0,0.0
ICITKPP,antibacterial_selective,3.4910100458833875,0.0
ICRKPII,antibacterial_selective,10.0,0.0
IDLAKSA,antibacterial_selective,10.0,0.0
IDLGPPI,antibacterial_selective,3.075972546604544,0.0
IDSGLYL,antibacterial_selective,-10.0,0.0
IDSPDSL,antibacterial_selective,10.0,0.0
IEAAVAR,antibacterial_selective,-10.0,0.0
IEALIRA,antibacterial_selective,-10.0,0.0
IEALLRA,antibacterial_selective,-10.0,0.0
IEEIEKK,antibacterial_selective,-10.0,0.0
IEEIEKL,antibacterial_selective,-10.0,0.0
IEKKIEA,antibacterial_selective,-10.0,0.0
IEKVGRN,antibacterial_selective,1.7134024672198356,0.0
IELSNIK,antibacterial_selective,-10.0,0.0
IEQNNVQ,antibacterial_selective,4.713402467219836,0.0
IFCAITK,antibacterial_selective,4.075972546604544,0.0
IFKKIEK,antibacterial_selective,2.606487263303324,0.0
IFRGVAK,antibacterial_selective,10.0,0.0
IGAVLKV,antibacterial_selective,1.442100445402441,0.0
IGFSRVP,antibacterial_selective,-10.0,0.0
IGKCSTR,antibacterial_selective,3.4910100458833875,0.0
IGKVLKW,antibacterial_selective,4.227975640049594,0.0
IGNLIVA,antibacterial_selective,-10.0,0.0
IGQKIKN,antibacterial_selective,3.713402467219836,0.0
IGQKIQG,antibacterial_selective,2.549903734936956,0.0
IGRKFGF,antibacterial_selective,10.0,0.0
IGSILGR,antibacterial_selective,10.0,0.0
IGTLRPF,antibacterial_selective,-10.0,0.0
IGVAKGA,antibacterial_selective,10.0,0.0
IHAGKAI,antibacterial_selective,3.4910100458833875,0.0
IHDILKY,antibacterial_selective,10.0,0.0
IHEAIKK,antibacterial_selective,10.0,0.0
IHGLIHG,antibacterial_selective,10.0,0.0
IHGLIHR,antibacterial_selective,10.0,0.0
IHHHIHH,antibacterial_selective,10.0,0.0
IHHIHHH,antibacterial_selective,10.0,0.0
IHHIHHI,antibacterial_selective,10.0,0.0
IHHIIHH,antibacterial_selective,10.0,0.0
IICRKPI,antibacterial_selective,10.0,0.0
IIHHIHH,antibacterial_selective,10.0,0.0
IIKAGPA,antibacterial_selective,2.0986926231046272,0.0
IIKKIAE,antibacterial_selective,10.0,0.0
IIMDIEQ,antibacterial_selective,4.81293814077075,0.0
IINSIFK,antibacterial_selective,10.0,0.0
IISAAPA,antibacterial_selective,10.0,0.0
IISSPLF,antibacterial_selective,3.713402467219836,0.0
IIYCNRR,antibacterial_selective,3.2279756400495936,0.0
IKAGPAV,antibacterial_selective,1.6430131393284375,0.0
IKEKLKK,antibacterial_selective,1.9060475451622312,0.0
IKENKCN,antibacterial_selective,-10.0,0.0
IKGKADK,antibacterial_selective,10.0,0.0
IKHFIHR,antibacterial_selective,-10.0,0.0
IKKIAES,antibacterial_selective,10.0,0.0
IKKILSK,antibacterial_selective,10.0,0.0
IKKINNH,antibacterial_selective,10.0,0.0
IKKKGRK,antibacterial_selective,10.0,0.0
IKKKWRK,antibacterial_selective,10.0,0.0
IKKLTSK,antibacterial_selective,2.9060475451622314,0.0
IKKSEEQ,antibacterial_selective,-10.0,0.0
IKNFFQK,antibacterial_selective,4.227975640049594,0.0
IKQELDK,antibacterial_selective,-10.0,0.0
IKRFWPV,antibacterial_selective,10.0,0.0
ILDTLKQ,antibacterial_selective,2.9060475451622314,0.0
ILGKIWE,antibacterial_selective,3.4910100458833875,0.0
ILGRLAK,antibacterial_selective,10.0,0.0
ILILIKR,antibacterial_selective,3.906047545162232,0.0
ILKGAAK,antibacterial_selective,2.7805166630783726,0.0
ILKYGKP,antibacterial_selective,10.0,0.0
ILKYLKK,antibacterial_selective,10.0,0.0
ILMCFSI,antibacterial_selective,4.606487263303324,0.0
ILRGVSK,antibacterial_selective,10.0,0.0
ILSKIKK,antibacterial_selective,10.0,0.0
ILSKTIP,antibacterial_selective,10.0,0.0
IMDIEQN,antibacterial_selective,4.81293814077075,0.0
IMLKKAV,antibacterial_selective,10.0,0.0
IMSSLMK,antibacterial_selective,10.0,0.0
IMVKKEG,antibacterial_selective,10.0,0.0
INGRWDS,antibacterial_selective,10.0,0.0
INNYRWR,antibacterial_selective,2.643013139328437,0.0
INSIFKK,antibacterial_selective,10.0,0.0
IPCGESC,antibacterial_selective,1.857137944681285,0.0
IPKIISS,antibacterial_selective,3.4910100458833875,0.0
IPLRGAF,antibacterial_selective,10.0,0.0
IPMSIPP,antibacterial_selective,-10.0,0.0
IQAIAEN,antibacterial_selective,-10.0,0.0
IQCIQAI,antibacterial_selective,-10.0,0.0
IQGLLPK,antibacterial_selective,2.2845591684159614,0.0
IRESTVF,antibacterial_selective,-10.0,0.0
IRHIPRR,antibacterial_selective,10.0,0.0
IRKVAAP,antibacterial_selective,10.0,0.0
IRLEKAR,antibacterial_selective,-10.0,0.0
IRLYLLK,antibacterial_selective,10.0,0.0
IRMIYKN,antibacterial_selective,10.0,0.0
IRPPFYP,antibacterial_selective,1.9060475451622312,0.0
IRPPFYR,antibacterial_selective,3.906047545162232,0.0
IRPPWYP,antibacterial_selective,10.0,0.0
IRPPWYR,antibacterial_selective,10.0,0.0
IRQYLKN,antibacterial_selective,10.0,0.0
IRRRPIR,antibacterial_selective,3.408547885691415,0.0
IRRSNQK,antibacterial_selective,3.713402467219836,0.0
IRTVIAG,antibacterial_selective,10.0,0.0
ISAAPAV,antibacterial_selective,3.4910100458833875,0.0
ISEKFTD,antibacterial_selective,10.0,0.0
ISFSQAR,antibacterial_selective,-10.0,0.0
ISKDILT,antibacterial_selective,10.0,0.0
ISKEEAQ,antibacterial_selective,10.0,0.0
ISLERLD,antibacterial_selective,2.1284399664986795,0.0
ITALLEQ,antibacterial_selective,-10.0,0.0
ITIELSN,antibacterial_selective,-10.0,0.0
ITLNNSV,antibacterial_selective,-10.0,0.0
IVKRIKK,antibacterial_selective,3.906047545162232,0.0
IVRGIRK,antibacterial_selective,10.0,0.0
IWATLFK,antibacterial_selective,-10.0,0.0
IWKLLSK,antibacterial_selective,-10.0,0.0
IWKPGIK,antibacterial_selective,4.365479163799528,0.0
IWNLLRQ,antibacterial_selective,-10.0,0.0
IYEAGLA,antibacterial_selective,-10.0,0.0
KAAKKAA,antibacterial_selective,2.993510386412571,0.0
KAAKKAW,antibacterial_selective,10.0,0.0
KAAKLWL,antibacterial_selective,10.0,0.0
KACISEK,antibacterial_selective,10.0,0.0
KADKIML,antibacterial_selective,10.0,0.0
KAGAKYL,antibacterial_selective,3.4910100458833875,0.0
KAGAQQL,antibacterial_selective,3.4910100458833875,0.0
KAGPAVA,antibacterial_selective,2.1284399664986795,0.0
KAIHGLI,antibacterial_selective,3.4910100458833875,0.0
KAKKKAK,antibacterial_selective,10.0,0.0
KAKKLFK,antibacterial_selective,10.0,0.0
KALKALK,antibacterial_selective,2.713402467219836,0.0
KALKKAL,antibacterial_selective,2.1690819509960253,0.0
KALKKLL,antibacterial_selective,2.713402467219836,0.0
KALLAVA,antibacterial_selective,10.0,0.0
KALQKAS,antibacterial_selective,10.0,0.0
KALQYIK,antibacterial_selective,10.0,0.0
KALRLWK,antibacterial_selective,10.0,0.0
KALSKLL,antibacterial_selective,10.0,0.0
KARRWAW,antibacterial_selective,10.0,0.0
KAVCVCR,antibacterial_selective,-10.0,0.0
KAVKIMV,antibacterial_selective,10.0,0.0
KAVQSVQ,antibacterial_selective,-10.0,0.0
KAWHVLG,antibacterial_selective,10.0,0.0
KAWKKAA,antibacterial_selective,3.4910100458833875,0.0
KCAFSSQ,antibacterial_selective,-10.0,0.0
KCCRRKK,antibacterial_selective,3.713402467219836,0.0
KCHNHCK,antibacterial_selective,10.0,0.0
KCLRDGA,antibacterial_selective,-10.0,0.0
KCLRWQW,antibacterial_selective,-10.0,0.0
KCNGTDA,antibacterial_selective,-10.0,0.0
KCSTRGR,antibacterial_selective,3.713402467219836,0.0
KCYTPGC,antibacterial_selective,4.365479163799528,0.0
KDCHLAR,antibacterial_selective,-10.0,0.0
KDIAGHL,antibacterial_selective,3.5690125578846605,0.0
KDILTGK,antibacterial_selective,10.0,0.0
KDKSPKF,antibacterial_selective,-10.0,0.0
KDLAKLG,antibacterial_selective,10.0,0.0
KDLLFKD,antibacterial_selective,-10.0,0.0
KDLQQKF,antibacterial_selective,10.0,0.0
KDSAIGF,antibacterial_selective,-10.0,0.0
KDWEHLK,antibacterial_selective,10.0,0.0
KEDAIWN,antibacterial_selective,-10.0,0.0
KEEAQAK,antibacterial_selective,10.0,0.0
KEGISKE,antibacterial_selective,10.0,0.0
KENKCNG,antibacterial_selective,-10.0,0.0
KFAFKFA,antibacterial_selective,10.0,0.0
KFAKAFV,antibacterial_selective,3.4910100458833875,0.0
KFAKKFA,antibacterial_selective,0.9764368730536294,0.0
KFASKGL,antibacterial_selective,3.713402467219836,0.0
KFGFCAG,antibacterial_selective,10.0,0.0
KFGKDKS,antibacterial_selective,-10.0,0.0
KFGKKFV,antibacterial_selective,10.0,0.0
KFGKNKS,antibacterial_selective,-10.0,0.0
KFKDCHL,antibacterial_selective,-10.0,0.0
KFKGPCA,antibacterial_selective,-10.0,0.0
KFKKLFK,antibacterial_selective,3.906047545162232,0.0
KFLGRIL,antibacterial_selective,10.0,0.0
KFPWWWP,antibacterial_selective,3.906047545162232,0.0
KFQLFGS,antibacterial_selective,-10.0,0.0
KFTDGHC,antibacterial_selective,2.9060475451622314,0.0
KFYEIIM,antibacterial_selective,10.0,0.0
KGAAKDI,antibacterial_selective,3.6430131393284375,0.0
KGGKLWL,antibacterial_selective,10.0,0.0
KGGSFQL,antibacterial_selective,-10.0,0.0
KGGYTRP,antibacterial_selective,-10.0,0.0
KGIQQLQ,antibacterial_selective,10.0,0.0
KGKADKI,antibacterial_selective,10.0,0.0
KGKKGKK,antibacterial_selective,-10.0,0.0
KGLFHAG,antibacterial_selective,2.9060475451622314,0.0
KGLGKDL,antibacterial_selective,3.713402467219836,0.0
KGPCASD,antibacterial_selective,-10.0,0.0
KGQFPNL,antibacterial_selective,-10.0,0.0
KGRKAVI,antibacterial_selective,10.0,0.0
KGYKGGY,antibacterial_selective,2.643013139328437,0.0
KHFIHRF,antibacterial_selective,-10.0,0.0
KHKKHKK,antibacterial_selective,10.0,0.0
KHKQRQG,antibacterial_selective,-10.0,0.0
KHRCRVY,antibacterial_selective,-10.0,0.0
KHYGKKA,antibacterial_selective,10.0,0.0
KIAHGVK,antibacterial_selective,10.0,0.0
KIANIIN,antibacterial_selective,10.0,0.0
KIEELIK,antibacterial_selective,-2.553384073475066,0.0
KIEKVGR,antibacterial_selective,1.543477465777523,0.0
KIFCAIT,antibacterial_selective,4.075972546604544,0.0
KIFKKIE,antibacterial_selective,2.491010045883388,0.0
KIGIGKF,antibacterial_selective,2.2279756400495936,0.0
KIGKVLK,antibacterial_selective,4.81293814077075,0.0
KIGQKIK,antibacterial_selective,2.2279756400495936,0.0
KIGQKIQ,antibacterial_selective,2.606487263303324,0.0
KIISAST,antibacterial_selective,-10.0,0.0
KIISSPL,antibacterial_selective,3.4910100458833875,0.0
KIKEKLK,antibacterial_selective,1.9060475451622312,0.0
KIKGKAD,antibacterial_selective,10.0,0.0
KIKNFFQ,antibacterial_selective,4.075972546604544,0.0
KILILIK,antibacterial_selective,10.0,0.0
KILRGVS,antibacterial_selective,10.0,0.0
KILSKIK,antibacterial_selective,10.0,0.0
KIMLKKA,antibacterial_selective,10.0,0.0
KIMVKKE,antibacterial_selective,10.0,0.0
KINNHVQ,antibacterial_selective,10.0,0.0
KIQGLLP,antibacterial_selective,2.2845591684159614,0.0
KIWKPGI,antibacterial_selective,4.365479163799528,0.0
KKAAKKA,antibacterial_selective,10.0,0.0
KKAKKKA,antibacterial_selective,10.0,0.0
KKAKKLF,antibacterial_selective,10.0,0.0
KKALKKL,antibacterial_selective,2.713402467219836,0.0
KKALQKA,antibacterial_selective,10.0,0.0
KKALQYI,antibacterial_selective,10.0,0.0
KKALRLW,antibacterial_selective,10.0,0.0
KKAVKIM,antibacterial_selective,10.0,0.0
KKEGISK,antibacterial_selective,10.0,0.0
KKFAKAF,antibacterial_selective,3.4910100458833875,0.0
KKFGKKF,antibacterial_selective,10.0,0.0
KKFKKLF,antibacterial_selective,10.0,0.0
KKFPWWW,antibacterial_selective,4.075972546604544,0.0
KKGGSFQ,antibacterial_selective,-10.0,0.0
KKGIQQL,antibacterial_selective,10.0,0.0
KKGKKGK,antibacterial_selective,-10.0,0.0
KKGRKAV,antibacterial_selective,10.0,0.0
KKHKKHK,antibacterial_selective,10.0,0.0
KKHRCRV,antibacterial_selective,-10.0,0.0
KKIAESF,antibacterial_selective,10.0,0.0
KKIANII,antibacterial_selective,10.0,0.0
KKIEELI,antibacterial_selective,-2.6175144108947817,0.0
KKIEKVG,antibacterial_selective,1.321085044441075,0.0
KKIGKKA,antibacterial_selective,10.0,0.0
KKIGKVL,antibacterial_selective,4.81293814077075,0.0
KKIGQKI,antibacterial_selective,2.408547885691415,0.0
KKIKGKA,antibacterial_selective,10.0,0.0
KKILKVL,antibacterial_selective,10.0,0.0
KKILSKI,antibacterial_selective,10.0,0.0
KKINNHV,antibacterial_selective,10.0,0.0
KKIWKPG,antibacterial_selective,4.075972546604544,0.0
KKIWNWK,antibacterial_selective,10.0,0.0
KKKAAFA,antibacterial_selective,4.365479163799528,0.0
KKKAKKK,antibacterial_selective,10.0,0.0
KKKFPWW,antibacterial_selective,3.4910100458833875,0.0
KKKGRKA,antibacterial_selective,10.0,0.0
KKKKLLL,antibacterial_selective,-3.0939524548377686,0.0
KKKLLLP,antibacterial_selective,-10.0,0.0
KKKMKKA,antibacterial_selective,10.0,0.0
KKKWRKA,antibacterial_selective,10.0,0.0
KKLAGLA,antibacterial_selective,10.0,0.0
KKLAKKL,antibacterial_selective,3.153975058605817,0.0
KKLAKLA,antibacterial_selective,1.4910100458833877,0.0
KKLFKKL,antibacterial_selective,2.3654791637995287,0.0
KKLKKII,antibacterial_selective,10.0,0.0
KKLKKLA,antibacterial_selective,3.4910100458833875,0.0
KKLLKKP,antibacterial_selective,2.713402467219836,0.0
KKLSPVI,antibacterial_selective,3.713402467219836,0.0
KKLTSKF,antibacterial_selective,2.713402467219836,0.0
KKMKKAL,antibacterial_selective,10.0,0.0
KKPVPII,antibacterial_selective,2.2279756400495936,0.0
KKQIRLY,antibacterial_selective,10.0,0.0
KKRRWKY,antibacterial_selective,4.860243855549107,0.0
KKSEEQQ,antibacterial_selective,-10.0,0.0
KKTIRQY,antibacterial_selective,10.0,0.0
KKTRKRL,antibacterial_selective,4.365479163799528,0.0
KKVFKRL,antibacterial_selective,3.408547885691415,0.0
KKVKLAV,antibacterial_selective,-10.0,0.0
KKWIKKW,antibacterial_selective,10.0,0.0
KKWRKAV,antibacterial_selective,10.0,0.0
KKWRKWL,antibacterial_selective,10.0,0.0
KKYGPTV,antibacterial_selective,10.0,0.0
KLAGLAK,antibacterial_selective,10.0,0.0
KLAKKLA,antibacterial_selective,1.7805166630783726,0.0
KLAKKLK,antibacterial_selective,2.4910100458833875,0.0
KLAKKLL,antibacterial_selective,10.0,0.0
KLAPRTD,antibacterial_selective,2.584119450274869,0.0
KLASKVF,antibacterial_selective,-10.0,0.0
KLCQRPS,antibacterial_selective,-10.0,0.0
KLDLKLD,antibacterial_selective,10.0,0.0
KLEAALR,antibacterial_selective,-10.0,0.0
KLEDAKE,antibacterial_selective,4.491010045883388,0.0
KLFKKIG,antibacterial_selective,1.5690125578846608,0.0
KLFKKLS,antibacterial_selective,4.075972546604544,0.0
KLFSKIQ,antibacterial_selective,10.0,0.0
KLFSKIW,antibacterial_selective,10.0,0.0
KLGVDLV,antibacterial_selective,3.713402467219836,0.0
KLIKQEL,antibacterial_selective,-10.0,0.0
KLKKIGQ,antibacterial_selective,2.2015034286884023,0.0
KLKKIIA,antibacterial_selective,10.0,0.0
KLKKLAK,antibacterial_selective,4.491010045883388,0.0
KLKRKAK,antibacterial_selective,3.906047545162232,0.0
KLKTLLK,antibacterial_selective,10.0,0.0
KLLAKAL,antibacterial_selective,10.0,0.0
KLLAKLA,antibacterial_selective,2.2845591684159614,0.0
KLLKKPL,antibacterial_selective,3.2279756400495936,0.0
KLLSKAQ,antibacterial_selective,-10.0,0.0
KLLSTAW,antibacterial_selective,10.0,0.0
KLNSWDV,antibacterial_selective,-10.0,0.0
KLRPVAA,antibacterial_selective,-10.0,0.0
KLSPVIP,antibacterial_selective,3.4910100458833875,0.0
KLTSKFL,antibacterial_selective,2.9060475451622314,0.0
KLWEGVK,antibacterial_selective,10.0,0.0
KLWLKAA,antibacterial_selective,10.0,0.0
KLWLKGG,antibacterial_selective,10.0,0.0
KMKKALQ,antibacterial_selective,10.0,0.0
KNAVTEL,antibacterial_selective,-10.0,0.0
KNEAALR,antibacterial_selective,-10.0,0.0
KNEIKKK,antibacterial_selective,10.0,0.0
KNFFQKL,antibacterial_selective,4.227975640049594,0.0
KNKIKKK,antibacterial_selective,10.0,0.0
KNLFYKI,antibacterial_selective,10.0,0.0
KNMALNA,antibacterial_selective,10.0,0.0
KNQCINL,antibacterial_selective,-10.0,0.0
KNQCIRL,antibacterial_selective,-10.0,0.0
KPGIKKW,antibacterial_selective,4.365479163799528,0.0
KPIICRK,antibacterial_selective,10.0,0.0
KPLLKKL,antibacterial_selective,10.0,0.0
KPVDKFK,antibacterial_selective,-10.0,0.0
KPVPIIY,antibacterial_selective,2.3654791637995287,0.0
KPVVCRK,antibacterial_selective,10.0,0.0
KQELDKY,antibacterial_selective,-10.0,0.0
KQIRLYL,antibacterial_selective,10.0,0.0
KQVGKAG,antibacterial_selective,10.0,0.0
KRDSPIQ,antibacterial_selective,-3.0939524548377686,0.0
KRFRKKF,antibacterial_selective,10.0,0.0
KRFWPVV,antibacterial_selective,10.0,0.0
KRIKKFL,antibacterial_selective,2.713402467219836,0.0
KRIKTLL,antibacterial_selective,10.0,0.0
KRKAKNA,antibacterial_selective,3.4910100458833875,0.0
KRKILIL,antibacterial_selective,10.0,0.0
KRKKHRC,antibacterial_selective,-10.0,0.0
KRLGIGA,antibacterial_selective,10.0,0.0
KRLKKIG,antibacterial_selective,4.365479163799528,0.0
KRRWKYR,antibacterial_selective,5.993510386412571,0.0
KRVQREL,antibacterial_selective,3.4910100458833875,0.0
KRVWPLV,antibacterial_selective,10.0,0.0
KSAGVSV,antibacterial_selective,3.906047545162232,0.0
KSAKKTV,antibacterial_selective,10.0,0.0
KSCHTGL,antibacterial_selective,-10.0,0.0
KSFIKKL,antibacterial_selective,1.543477465777523,0.0
KSIASKV,antibacterial_selective,10.0,0.0
KSLLKTL,antibacterial_selective,3.906047545162232,0.0
KSPKFQL,antibacterial_selective,-10.0,0.0
KTIRQYL,antibacterial_selective,10.0,0.0
KTLLKAL,antibacterial_selective,3.713402467219836,0.0
KTLSKAK,antibacterial_selective,3.4910100458833875,0.0
KTRKRLK,antibacterial_selective,4.365479163799528,0.0
KTRWRLK,antibacterial_selective,10.0,0.0
KTVLHTA,antibacterial_selective,10.0,0.0
KVAAPVL,antibacterial_selective,10.0,0.0
KVANTVQ,antibacterial_selective,10.0,0.0
KVDAMSK,antibacterial_selective,10.0,0.0
KVFKRLG,antibacterial_selective,3.4910100458833875,0.0
KVFPAVF,antibacterial_selective,-10.0,0.0
KVGRNVR,antibacterial_selective,2.043551068912166,0.0
KVIDRFG,antibacterial_selective,10.0,0.0
KVKLAVL,antibacterial_selective,-10.0,0.0
KVKLIKQ,antibacterial_selective,-10.0,0.0
KVVAATY,antibacterial_selective,-10.0,0.0
KVWRHWR,antibacterial_selective,10.0,0.0
KWAKKAA,antibacterial_selective,10.0,0.0
KWFRVYR,antibacterial_selective,3.4910100458833875,0.0
KWKSFIK,antibacterial_selective,1.5340787677752734,0.0
KWKWKWK,antibacterial_selective,10.0,0.0
KWRKAVI,antibacterial_selective,10.0,0.0
KYGPTVL,antibacterial_selective,10.0,0.0
KYKNAVT,antibacterial_selective,-10.0,0.0
KYYGKKA,antibacterial_selective,10.0,0.0
LAKKLAK,antibacterial_selective,1.7134024672198356,0.0
LAKKLKK,antibacterial_selective,2.4910100458833875,0.0
LAKLAKK,antibacterial_selective,1.543477465777523,0.0
LAKLGVD,antibacterial_selective,10.0,0.0
LAPRTDY,antibacterial_selective,2.736122543719919,0.0
LAPYKLR,antibacterial_selective,-10.0,0.0
LAQAQKI,antibacterial_selective,10.0,0.0
LARVPSH,antibacterial_selective,-10.0,0.0
LARYYSA,antibacterial_selective,-10.0,0.0
LASFALV,antibacterial_selective,-10.0,0.0
LASKVFP,antibacterial_selective,-10.0,0.0
LASKVMN,antibacterial_selective,3.5690125578846605,0.0
LAVAKKI,antibacterial_selective,10.0,0.0
LCAAHCI,antibacterial_selective,-10.0,0.0
LCAGTGE,antibacterial_selective,-10.0,0.0
LCPDNTR,antibacterial_selective,-10.0,0.0
LCQRPSG,antibacterial_selective,-10.0,0.0
LCRLCAG,antibacterial_selective,-10.0,0.0
LDGGFIY,antibacterial_selective,-10.0,0.0
LDKYKNA,antibacterial_selective,-10.0,0.0
LDLKLDL,antibacterial_selective,10.0,0.0
LDTLKQF,antibacterial_selective,2.713402467219836,0.0
LDVGTNL,antibacterial_selective,1.81293814077075,0.0
LEAALRE,antibacterial_selective,-10.0,0.0
LEAIPMS,antibacterial_selective,-10.0,0.0
LEDAKEL,antibacterial_selective,4.365479163799528,0.0
LEQLKCK,antibacterial_selective,10.0,0.0
LERLDVG,antibacterial_selective,1.81293814077075,0.0
LEVVAAT,antibacterial_selective,-10.0,0.0
LFDIIKK,antibacterial_selective,2.2279756400495936,0.0
LFFLGTI,antibacterial_selective,-10.0,0.0
LFGSPSG,antibacterial_selective,-10.0,0.0
LFKALSK,antibacterial_selective,10.0,0.0
LFKDSAI,antibacterial_selective,-10.0,0.0
LFKKLSP,antibacterial_selective,3.906047545162232,0.0
LFSKIQN,antibacterial_selective,10.0,0.0
LFSKIWN,antibacterial_selective,10.0,0.0
LGALFKA,antibacterial_selective,10.0,0.0
LGALWNV,antibacterial_selective,10.0,0.0
LGEWYNQ,antibacterial_selective,10.0,0.0
LGIGAVL,antibacterial_selective,10.0,0.0
LGKDLAK,antibacterial_selective,10.0,0.0
LGKIWEG,antibacterial_selective,3.4910100458833875,0.0
LGNWARE,antibacterial_selective,-10.0,0.0
LGPPISL,antibacterial_selective,2.7805166630783726,0.0
LGRCCHV,antibacterial_selective,-10.0,0.0
LGRKIAH,antibacterial_selective,4.491010045883388,0.0
LGRLAKG,antibacterial_selective,10.0,0.0
LGSGYFT,antibacterial_selective,-10.0,0.0
LGVATSA,antibacterial_selective,-10.0,0.0
LGVDLVA,antibacterial_selective,3.713402467219836,0.0
LGYERNS,antibacterial_selective,3.4910100458833875,0.0
LHRIDLG,antibacterial_selective,10.0,0.0
LIAGLAA,antibacterial_selective,3.4910100458833875,0.0
LIKKSEE,antibacterial_selective,-10.0,0.0
LIKQELD,antibacterial_selective,-10.0,0.0
LILIKRK,antibacterial_selective,4.227975640049594,0.0
LIPKAIK,antibacterial_selective,10.0,0.0
LIPKIIS,antibacterial_selective,3.713402467219836,0.0
LIRMIYK,antibacterial_selective,10.0,0.0
LIWKLLS,antibacterial_selective,-10.0,0.0
LKAAKLW,antibacterial_selective,10.0,0.0
LKALLAV,antibacterial_selective,10.0,0.0
LKCKITK,antibacterial_selective,3.4910100458833875,0.0
LKDWEHL,antibacterial_selective,10.0,0.0
LKGAAKD,antibacterial_selective,2.683655123825784,0.0
LKGGKLW,antibacterial_selective,10.0,0.0
LKHYGKK,antibacterial_selective,10.0,0.0
LKKALRL,antibacterial_selective,10.0,0.0
LKKAVKI,antibacterial_selective,10.0,0.0
LKKFAKG,antibacterial_selective,10.0,0.0
LKKIANI,antibacterial_selective,10.0,0.0
LKKIGKV,antibacterial_selective,4.491010045883388,0.0
LKKIGQK,antibacterial_selective,2.3348908439661056,0.0
LKKIIAK,antibacterial_selective,10.0,0.0
LKKILKK,antibacterial_selective,10.0,0.0
LKKLAKK,antibacterial_selective,3.81293814077075,0.0
LKKLKKI,antibacterial_selective,10.0,0.0
LKKRRWK,antibacterial_selective,3.1430867424630806,0.0
LKKWLKK,antibacterial_selective,10.0,0.0
LKNEIKK,antibacterial_selective,10.0,0.0
LKNKIKK,antibacterial_selective,10.0,0.0
LKQFAKG,antibacterial_selective,2.9060475451622314,0.0
LKRIKTL,antibacterial_selective,4.365479163799528,0.0
LKRKAKN,antibacterial_selective,3.4910100458833875,0.0
LKSCHTG,antibacterial_selective,-10.0,0.0
LKSLLKT,antibacterial_selective,3.906047545162232,0.0
LKTLLKA,antibacterial_selective,4.075972546604544,0.0
LKTLSCK,antibacterial_selective,10.0,0.0
LKTLSKA,antibacterial_selective,3.906047545162232,0.0
LKYGKPS,antibacterial_selective,10.0,0.0
LKYLKKL,antibacterial_selective,10.0,0.0
LKYYGKK,antibacterial_selective,10.0,0.0
LLAKALK,antibacterial_selective,10.0,0.0
LLAKLAK,antibacterial_selective,2.021524762582167,0.0
LLAVAKK,antibacterial_selective,10.0,0.0
LLCPDNT,antibacterial_selective,-10.0,0.0
LLEQAQI,antibacterial_selective,-10.0,0.0
LLEQLKC,antibacterial_selective,10.0,0.0
LLFFLGT,antibacterial_selective,-10.0,0.0
LLFKDSA,antibacterial_selective,-10.0,0.0
LLGKLLK,antibacterial_selective,10.0,0.0
LLIRMIY,antibacterial_selective,10.0,0.0
LLKALSK,antibacterial_selective,3.4910100458833875,0.0
LLKHYGK,antibacterial_selective,10.0,0.0
LLKKALR,antibacterial_selective,10.0,0.0
LLKQKLR,antibacterial_selective,10.0,0.0
LLKRIKT,antibacterial_selective,10.0,0.0
LLKTLSK,antibacterial_selective,3.906047545162232,0.0
LLKYYGK,antibacterial_selective,10.0,0.0
LLLFFLG,antibacterial_selective,-10.0,0.0
LLPKLAP,antibacterial_selective,2.353506522133453,0.0
LLQLLKQ,antibacterial_selective,10.0,0.0
LLRPLLQ,antibacterial_selective,10.0,0.0
LLRQAQE,antibacterial_selective,-10.0,0.0
LLRRLLR,antibacterial_selective,1.7540444517171814,0.0
LLSGIVQ,antibacterial_selective,-10.0,0.0
LLSKAQE,antibacterial_selective,-10.0,0.0
LLSLIRK,antibacterial_selective,10.0,0.0
LMCFSID,antibacterial_selective,10.0,0.0
LNAAKSA,antibacterial_selective,10.0,0.0
LNELQGL,antibacterial_selective,-10.0,0.0
LNKRVQR,antibacterial_selective,3.713402467219836,0.0
LNNSVAL,antibacterial_selective,-10.0,0.0
LNSLSCK,antibacterial_selective,10.0,0.0
LNSWDVF,antibacterial_selective,-10.0,0.0
LNVNCWC,antibacterial_selective,-10.0,0.0
LNWTGPP,antibacterial_selective,-10.0,0.0
LPKEEQI,antibacterial_selective,1.6836551238257833,0.0
LPTAICK,antibacterial_selective,10.0,0.0
LPTGLYR,antibacterial_selective,-10.0,0.0
LPTIICK,antibacterial_selective,10.0,0.0
LQEQQEK,antibacterial_selective,-10.0,0.0
LQFPVGR,antibacterial_selective,2.7540444517171814,0.0
LQGLKSC,antibacterial_selective,-10.0,0.0
LQKASEK,antibacterial_selective,10.0,0.0
LQKLNSW,antibacterial_selective,-10.0,0.0
LQLLKQK,antibacterial_selective,10.0,0.0
LQLLMQS,antibacterial_selective,-10.0,0.0
LQLTVWQ,antibacterial_selective,-10.0,0.0
LQQKFYE,antibacterial_selective,10.0,0.0
LRATCTC,antibacterial_selective,10.0,0.0
LRDGAGD,antibacterial_selective,-10.0,0.0
LRDVWDW,antibacterial_selective,-10.0,0.0
LRGAFIN,antibacterial_selective,10.0,0.0
LRGGYTL,antibacterial_selective,10.0,0.0
LRGVSKK,antibacterial_selective,10.0,0.0
LRHLLRH,antibacterial_selective,-10.0,0.0
LRIIRIA,antibacterial_selective,10.0,0.0
LRKKTRK,antibacterial_selective,4.227975640049594,0.0
LRLKKRR,antibacterial_selective,5.906047545162231,0.0
LRLWKKV,antibacterial_selective,10.0,0.0
LRPFLNW,antibacterial_selective,-10.0,0.0
LRPLLQL,antibacterial_selective,10.0,0.0
LRPVAAE,antibacterial_selective,-10.0,0.0
LRQAQEK,antibacterial_selective,-10.0,0.0
LRRISKD,antibacterial_selective,4.075972546604544,0.0
LRRLGRK,antibacterial_selective,4.81293814077075,0.0
LRRLLRR,antibacterial_selective,2.321085044441076,0.0
LRRTAGW,antibacterial_selective,-10.0,0.0
LRWKTRW,antibacterial_selective,10.0,0.0
LSCLPKE,antibacterial_selective,3.4910100458833875,0.0
LSDEAER,antibacterial_selective,-10.0,0.0
LSGIVQQ,antibacterial_selective,-10.0,0.0
LSHSLLV,antibacterial_selective,10.0,0.0
LSIGRKF,antibacterial_selective,10.0,0.0
LSKAQEK,antibacterial_selective,-10.0,0.0
LSKIKKL,antibacterial_selective,10.0,0.0
LSKTAKK,antibacterial_selective,4.227975640049594,0.0
LSKTIPA,antibacterial_selective,10.0,0.0
LSLIRKL,antibacterial_selective,10.0,0.0
LSNIKEN,antibacterial_selective,-10.0,0.0
LSPVIPL,antibacterial_selective,3.4910100458833875,0.0
LTSKFLH,antibacterial_selective,2.9060475451622314,0.0
LTVWQIK,antibacterial_selective,-10.0,0.0
LVACKIS,antibacterial_selective,3.713402467219836,0.0
LVFLASF,antibacterial_selective,-10.0,0.0
LVKGAAQ,antibacterial_selective,2.713402467219836,0.0
LVVCLVF,antibacterial_selective,-10.0,0.0
LWLKAAK,antibacterial_selective,10.0,0.0
LWLKGGK,antibacterial_selective,10.0,0.0
LWNVAKS,antibacterial_selective,10.0,0.0
LWRALWR,antibacterial_selective,-10.0,0.0
LYLGSGY,antibacterial_selective,-10.0,0.0
LYLLKYY,antibacterial_selective,10.0,0.0
MALNAAK,antibacterial_selective,10.0,0.0
MCFSIDS,antibacterial_selective,10.0,0.0
MDIEQNN,antibacterial_selective,4.81293814077075,0.0
MDTAKNV,antibacterial_selective,2.713402467219836,0.0
MDTVKNA,antibacterial_selective,3.4910100458833875,0.0
MKKALQY,antibacterial_selective,10.0,0.0
MLKKAVK,antibacterial_selective,10.0,0.0
MQKVIDR,antibacterial_selective,10.0,0.0
MRAINNY,antibacterial_selective,2.643013139328437,0.0
MRGRELM,antibacterial_selective,10.0,0.0
MRLVVCL,antibacterial_selective,-10.0,0.0
MRQIGTC,antibacterial_selective,-10.0,0.0
MSDVNQA,antibacterial_selective,-10.0,0.0
MSIPPEV,antibacterial_selective,-10.0,0.0
MSKKQIR,antibacterial_selective,10.0,0.0
MSSLMKK,antibacterial_selective,10.0,0.0
MTAASCF,antibacterial_selective,-10.0,0.0
MVGHKLG,antibacterial_selective,-10.0,0.0
MVKKEGI,antibacterial_selective,10.0,0.0
MYELQKL,antibacterial_selective,-10.0,0.0
NAAKSAG,antibacterial_selective,4.075972546604544,0.0
NAECKRR,antibacterial_selective,-10.0,0.0
NAIAKLE,antibacterial_selective,1.81293814077075,0.0
NAVTELQ,antibacterial_selective,-10.0,0.0
NCASVCQ,antibacterial_selective,-10.0,0.0
NCNAECK,antibacterial_selective,-10.0,0.0
NEAALRE,antibacterial_selective,-10.0,0.0
NECHAHC,antibacterial_selective,10.0,0.0
NEIKKKW,antibacterial_selective,10.0,0.0
NELQGLK,antibacterial_selective,-10.0,0.0
NGAIACA,antibacterial_selective,10.0,0.0
NGECKRR,antibacterial_selective,-10.0,0.0
NGKEDAI,antibacterial_selective,-10.0,0.0
NGLPTGL,antibacterial_selective,-10.0,0.0
NGRWDSQ,antibacterial_selective,10.0,0.0
NGTDAKV,antibacterial_selective,-10.0,0.0
NGVQPKY,antibacterial_selective,10.0,0.0
NHCKSIK,antibacterial_selective,2.713402467219836,0.0
NIKENKC,antibacterial_selective,-10.0,0.0
NKAVQSV,antibacterial_selective,-10.0,0.0
NKCAFSS,antibacterial_selective,-10.0,0.0
NKCNGTD,antibacterial_selective,-10.0,0.0
NKIKEKL,antibacterial_selective,2.1284399664986795,0.0
NLCRLCA,antibacterial_selective,-10.0,0.0
NLIVAIK,antibacterial_selective,-10.0,0.0
NLKALLA,antibacterial_selective,10.0,0.0
NLLKSLL,antibacterial_selective,2.713402467219836,0.0
NLLRQAQ,antibacterial_selective,-10.0,0.0
NMALNAA,antibacterial_selective,10.0,0.0
NMSDVNQ,antibacterial_selective,-10.0,0.0
NNGLPTG,antibacterial_selective,-10.0,0.0
NNSVALD,antibacterial_selective,-10.0,0.0
NNVQGKK,antibacterial_selective,10.0,0.0
NQCINLE,antibacterial_selective,-10.0,0.0
NQCIRLE,antibacterial_selective,-10.0,0.0
NQGRHFC,antibacterial_selective,-10.0,0.0
NQTKDLQ,antibacterial_selective,10.0,0.0
NRADAVT,antibacterial_selective,-10.0,0.0
NSKAVCV,antibacterial_selective,-10.0,0.0
NSVALDP,antibacterial_selective,-10.0,0.0
NSWDVFT,antibacterial_selective,-10.0,0.0
NTFPGIC,antibacterial_selective,3.4910100458833875,0.0
NTRKPVD,antibacterial_selective,-10.0,0.0
NTVQKLK,antibacterial_selective,10.0,0.0
NTWKKIK,antibacterial_selective,10.0,0.0
NVAKSVF,antibacterial_selective,10.0,0.0
NVNCWCE,antibacterial_selective,-10.0,0.0
NVPIGTL,antibacterial_selective,-10.0,0.0
NVQGKKG,antibacterial_selective,10.0,0.0
NVRDGII,antibacterial_selective,3.4910100458833875,0.0
NWAREIW,antibacterial_selective,-10.0,0.0
NWTGPPE,antibacterial_selective,-10.0,0.0
NYTSDCN,antibacterial_selective,-10.0,0.0
NYTSNCN,antibacterial_selective,-10.0,0.0
PAVAVVG,antibacterial_selective,2.3654791637995287,0.0
PAVFGKV,antibacterial_selective,-10.0,0.0
PAWRKAF,antibacterial_selective,10.0,0.0
PCASDHN,antibacterial_selective,-10.0,0.0
PCGESCV,antibacterial_selective,1.6836551238257833,0.0
PCRKACI,antibacterial_selective,3.713402467219836,0.0
PDNTRKP,antibacterial_selective,-10.0,0.0
PDSLENI,antibacterial_selective,10.0,0.0
PEATKCF,antibacterial_selective,-3.0939524548377686,0.0
PEPIEAA,antibacterial_selective,-10.0,0.0
PFLNWTG,antibacterial_selective,-10.0,0.0
PFRPPFR,antibacterial_selective,-10.0,0.0
PFVAGVA,antibacterial_selective,3.906047545162232,0.0
PFVRPLP,antibacterial_selective,-10.0,0.0
PFYPPFR,antibacterial_selective,3.075972546604544,0.0
PGADKGQ,antibacterial_selective,-10.0,0.0
PGCTCSY,antibacterial_selective,3.4910100458833875,0.0
PGICITK,antibacterial_selective,3.4910100458833875,0.0
PGIKKWI,antibacterial_selective,4.075972546604544,0.0
PGRWWRP,antibacterial_selective,10.0,0.0
PGWVAGY,antibacterial_selective,10.0,0.0
PHPPRPP,antibacterial_selective,10.0,0.0
PICGETC,antibacterial_selective,2.713402467219836,0.0
PIEAAVA,antibacterial_selective,-10.0,0.0
PIGTLRP,antibacterial_selective,-10.0,0.0
PIICRKP,antibacterial_selective,10.0,0.0
PIIYCNR,antibacterial_selective,3.2279756400495936,0.0
PIPRPPP,antibacterial_selective,-10.0,0.0
PIRPPWY,antibacterial_selective,10.0,0.0
PIRRRPI,antibacterial_selective,3.408547885691415,0.0
PISLERL,antibacterial_selective,2.391474372332473,0.0
PKEEQIG,antibacterial_selective,1.6836551238257833,0.0
PKFQLFG,antibacterial_selective,-10.0,0.0
PKHKQRQ,antibacterial_selective,-10.0,0.0
PKIISSP,antibacterial_selective,3.4910100458833875,0.0
PKKFGKK,antibacterial_selective,10.0,0.0
PKLAPRT,antibacterial_selective,2.584119450274869,0.0
PLALGAL,antibacterial_selective,10.0,0.0
PLLKKLL,antibacterial_selective,3.713402467219836,0.0
PLLQLLK,antibacterial_selective,10.0,0.0
PLPGGPI,antibacterial_selective,-10.0,0.0
PLRATCT,antibacterial_selective,10.0,0.0
PLRGAFI,antibacterial_selective,10.0,0.0
PLYCRRR,antibacterial_selective,10.0,0.0
PMSIPPE,antibacterial_selective,-10.0,0.0
PNLCRLC,antibacterial_selective,-10.0,0.0
PPEPIEA,antibacterial_selective,-10.0,0.0
PPFRPPF,antibacterial_selective,-10.0,0.0
PPFVRPL,antibacterial_selective,-10.0,0.0
PPFYPPF,antibacterial_selective,3.2279756400495936,0.0
PPHPPRP,antibacterial_selective,10.0,0.0
PPIRPPW,antibacterial_selective,10.0,0.0
PPIRRPP,antibacterial_selective,2.1284399664986795,0.0
PPISLER,antibacterial_selective,2.606487263303324,0.0
PPRIDSG,antibacterial_selective,-10.0,0.0
PQKPKFV,antibacterial_selective,3.4910100458833875,0.0
PRIDSGL,antibacterial_selective,-10.0,0.0
PRPPHPP,antibacterial_selective,10.0,0.0
PRPRPRP,antibacterial_selective,1.4910100458833877,0.0
PRTHYYA,antibacterial_selective,-10.0,0.0
PSGQKDL,antibacterial_selective,-10.0,0.0
PSHAVVA,antibacterial_selective,-10.0,0.0
PSKKKRH,antibacterial_selective,10.0,0.0
PTGLYRW,antibacterial_selective,-10.0,0.0
PTIICKI,antibacterial_selective,10.0,0.0
PTTKTYF,antibacterial_selective,-10.0,0.0
PTTRRYG,antibacterial_selective,-10.0,0.0
PTVLRII,antibacterial_selective,10.0,0.0
PVAAEVY,antibacterial_selective,-10.0,0.0
PVDKFKD,antibacterial_selective,-10.0,0.0
PVGRVHR,antibacterial_selective,3.321085044441076,0.0
PVIPLLH,antibacterial_selective,4.075972546604544,0.0
PVPIIYC,antibacterial_selective,2.2279756400495936,0.0
PVVCRKP,antibacterial_selective,10.0,0.0
PVVIRTV,antibacterial_selective,10.0,0.0
PWFSKFL,antibacterial_selective,10.0,0.0
PWKWPWL,antibacterial_selective,10.0,0.0
PWWWPFK,antibacterial_selective,3.713402467219836,0.0
PYFSYSG,antibacterial_selective,-10.0,0.0
PYKLRPV,antibacterial_selective,-10.0,0.0
QAATVVK,antibacterial_selective,10.0,0.0
QAIAENR,antibacterial_selective,-10.0,0.0
QAKVDAM,antibacterial_selective,10.0,0.0
QAQEKFG,antibacterial_selective,-10.0,0.0
QAQKIIK,antibacterial_selective,10.0,0.0
QARQLLS,antibacterial_selective,-10.0,0.0
QCHRFSN,antibacterial_selective,10.0,0.0
QCIQAIA,antibacterial_selective,-10.0,0.0
QCIRLEK,antibacterial_selective,-10.0,0.0
QCRRPLY,antibacterial_selective,10.0,0.0
QEAIKKK,antibacterial_selective,-10.0,0.0
QEKFGKD,antibacterial_selective,-10.0,0.0
QEKFGKN,antibacterial_selective,-10.0,0.0
QEKLEAA,antibacterial_selective,-10.0,0.0
QEKNEAA,antibacterial_selective,-10.0,0.0
QELDKYK,antibacterial_selective,-10.0,0.0
QEPYFSY,antibacterial_selective,-10.0,0.0
QEQQEKN,antibacterial_selective,-10.0,0.0
QFPNLCR,antibacterial_selective,-10.0,0.0
QFPVGRV,antibacterial_selective,2.9060475451622314,0.0
QGACRAI,antibacterial_selective,10.0,0.0
QGKKGIQ,antibacterial_selective,10.0,0.0
QGLKSCH,antibacterial_selective,-10.0,0.0
QGRHFCG,antibacterial_selective,-10.0,0.0
QHRSHRQ,antibacterial_selective,-10.0,0.0
QIADSQH,antibacterial_selective,-10.0,0.0
QIGKCST,antibacterial_selective,3.4910100458833875,0.0
QIKQLQA,antibacterial_selective,-10.0,0.0
QIRLYLL,antibacterial_selective,10.0,0.0
QKASEKL,antibacterial_selective,10.0,0.0
QKDLLFK,antibacterial_selective,-10.0,0.0
QKFYEII,antibacterial_selective,10.0,0.0
QKIIKGG,antibacterial_selective,10.0,0.0
QKIKNFF,antibacterial_selective,4.227975640049594,0.0
QKIQGLL,antibacterial_selective,2.2845591684159614,0.0
QKLCQRP,antibacterial_selective,-10.0,0.0
QKLKRKA,antibacterial_selective,10.0,0.0
QKLNSWD,antibacterial_selective,-10.0,0.0
QKVIDRF,antibacterial_selective,10.0,0.0
QLFGSPS,antibacterial_selective,-10.0,0.0
QLLIRMI,antibacterial_selective,10.0,0.0
QLLKQKL,antibacterial_selective,10.0,0.0
QLLMQST,antibacterial_selective,-10.0,0.0
QLLSGIV,antibacterial_selective,-10.0,0.0
QLNELQG,antibacterial_selective,-10.0,0.0
QLTVWQI,antibacterial_selective,-10.0,0.0
QNNVQGK,antibacterial_selective,4.491010045883388,0.0
QNRRMKW,antibacterial_selective,-3.0939524548377686,0.0
QPRTHYY,antibacterial_selective,-10.0,0.0
QQCRRPL,antibacterial_selective,10.0,0.0
QQEKLEA,antibacterial_selective,-10.0,0.0
QQEKNEA,antibacterial_selective,-10.0,0.0
QQKFYEI,antibacterial_selective,10.0,0.0
QRGRFGR,antibacterial_selective,10.0,0.0
QRPSGTW,antibacterial_selective,-10.0,0.0
QSHKFKG,antibacterial_selective,-10.0,0.0
QSSIGNL,antibacterial_selective,-10.0,0.0
QSVQSSI,antibacterial_selective,-10.0,0.0
QTERFSG,antibacterial_selective,-10.0,0.0
QTKDLQQ,antibacterial_selective,10.0,0.0
QVGKAGA,antibacterial_selective,10.0,0.0
QVYKGGY,antibacterial_selective,-10.0,0.0
QYLKNKI,antibacterial_selective,10.0,0.0
RADAVTL,antibacterial_selective,-10.0,0.0
RAGLQFP,antibacterial_selective,2.81293814077075,0.0
RAIAEYA,antibacterial_selective,-10.0,0.0
RAINNYR,antibacterial_selective,2.643013139328437,0.0
RAIRHIP,antibacterial_selective,10.0,0.0
RALQEQQ,antibacterial_selective,-10.0,0.0
RATCTCG,antibacterial_selective,10.0,0.0
RCAVLSC,antibacterial_selective,3.4910100458833875,0.0
RCCHVGK,antibacterial_selective,-10.0,0.0
RCKAAFC,antibacterial_selective,10.0,0.0
RCRVYNN,antibacterial_selective,-10.0,0.0
RDAIISA,antibacterial_selective,3.4910100458833875,0.0
RDEYELL,antibacterial_selective,-10.0,0.0
RDGAGDV,antibacterial_selective,-10.0,0.0
RDGIIKA,antibacterial_selective,2.2279756400495936,0.0
RDIVRGI,antibacterial_selective,10.0,0.0
RDSPIQC,antibacterial_selective,-3.0939524548377686,0.0
RECKTES,antibacterial_selective,10.0,0.0
REIWATL,antibacterial_selective,-10.0,0.0
RELRRLE,antibacterial_selective,10.0,0.0
RESTVFE,antibacterial_selective,-10.0,0.0
REVLGYE,antibacterial_selective,3.4910100458833875,0.0
RFFSASC,antibacterial_selective,-10.0,0.0
RFKRFRK,antibacterial_selective,4.491010045883388,0.0
RFRKKFK,antibacterial_selective,10.0,0.0
RFRRFFR,antibacterial_selective,10.0,0.0
RFRRLRK,antibacterial_selective,4.606487263303324,0.0
RFRRLRW,antibacterial_selective,3.4910100458833875,0.0
RFRWPIR,antibacterial_selective,3.713402467219836,0.0
RFSNGAI,antibacterial_selective,10.0,0.0
RFWPVVI,antibacterial_selective,10.0,0.0
RGAFING,antibacterial_selective,10.0,0.0
RGGYCNS,antibacterial_selective,-10.0,0.0
RGIRKVA,antibacterial_selective,10.0,0.0
RGISFSQ,antibacterial_selective,-10.0,0.0
RGPPVSC,antibacterial_selective,-2.032551910173625,0.0
RGRELMG,antibacterial_selective,10.0,0.0
RGRFGRF,antibacterial_selective,10.0,0.0
RGRKCCR,antibacterial_selective,3.713402467219836,0.0
RGVAKFA,antibacterial_selective,10.0,0.0
RGVSKKI,antibacterial_selective,10.0,0.0
RHFCGGA,antibacterial_selective,-10.0,0.0
RHHCEYD,antibacterial_selective,-10.0,0.0
RHIPRRI,antibacterial_selective,10.0,0.0
RHWRRFW,antibacterial_selective,10.0,0.0
RIDLGPP,antibacterial_selective,3.906047545162232,0.0
RIDSGLY,antibacterial_selective,-10.0,0.0
RIEALIR,antibacterial_selective,-10.0,0.0
RIEALLR,antibacterial_selective,-10.0,0.0
RIGSILG,antibacterial_selective,10.0,0.0
RIIRIAG,antibacterial_selective,10.0,0.0
RIKRFWP,antibacterial_selective,10.0,0.0
RILTGKK,antibacterial_selective,10.0,0.0
RIQQIEQ,antibacterial_selective,10.0,0.0
RISKDIL,antibacterial_selective,10.0,0.0
RKACISE,antibacterial_selective,10.0,0.0
RKAFRWA,antibacterial_selective,3.4910100458833875,0.0
RKAKNAV,antibacterial_selective,3.4910100458833875,0.0
RKCCRRK,antibacterial_selective,3.713402467219836,0.0
RKFGFCA,antibacterial_selective,10.0,0.0
RKIAHGV,antibacterial_selective,10.0,0.0
RKIKKGF,antibacterial_selective,10.0,0.0
RKILILI,antibacterial_selective,10.0,0.0
RKKFKKL,antibacterial_selective,10.0,0.0
RKKHRCR,antibacterial_selective,-10.0,0.0
RKKKMKK,antibacterial_selective,10.0,0.0
RKKTRKR,antibacterial_selective,4.365479163799528,0.0
RKPIICR,antibacterial_selective,10.0,0.0
RKPVDKF,antibacterial_selective,-10.0,0.0
RKPVVCR,antibacterial_selective,10.0,0.0
RKRLKKI,antibacterial_selective,3.81293814077075,0.0
RKVAAPV,antibacterial_selective,10.0,0.0
RLAKGLP,antibacterial_selective,10.0,0.0
RLCAGTG,antibacterial_selective,-10.0,0.0
RLDVGTN,antibacterial_selective,1.81293814077075,0.0
RLEKARH,antibacterial_selective,-10.0,0.0
RLGIGAV,antibacterial_selective,10.0,0.0
RLGRCCH,antibacterial_selective,-10.0,0.0
RLKKIGK,antibacterial_selective,4.365479163799528,0.0
RLKKRRW,antibacterial_selective,5.860243855549107,0.0
RLLRPLL,antibacterial_selective,10.0,0.0
RLLRRLL,antibacterial_selective,1.4910100458833877,0.0
RLRKKTR,antibacterial_selective,4.227975640049594,0.0
RLRWKTR,antibacterial_selective,10.0,0.0
RLVVCLV,antibacterial_selective,-10.0,0.0
RLWKKVL,antibacterial_selective,10.0,0.0
RLYLLKY,antibacterial_selective,10.0,0.0
RMIYKNI,antibacterial_selective,10.0,0.0
RMLKKAA,antibacterial_selective,4.075972546604544,0.0
RNIRNGI,antibacterial_selective,2.713402467219836,0.0
RNIRNKI,antibacterial_selective,10.0,0.0
RNVRDGI,antibacterial_selective,3.2279756400495936,0.0
RPFLNWT,antibacterial_selective,-10.0,0.0
RPGRWWR,antibacterial_selective,10.0,0.0
RPIRPPF,antibacterial_selective,2.9060475451622314,0.0
RPIRPPW,antibacterial_selective,10.0,0.0
RPIRRPP,antibacterial_selective,10.0,0.0
RPIRRRP,antibacterial_selective,3.2279756400495936,0.0
RPLLQLL,antibacterial_selective,10.0,0.0
RPLPGGP,antibacterial_selective,-10.0,0.0
RPLYCRR,antibacterial_selective,10.0,0.0
RPPFRPP,antibacterial_selective,-10.0,0.0
RPPFYPP,antibacterial_selective,2.713402467219836,0.0
RPPHPPR,antibacterial_selective,10.0,0.0
RPPIRRP,antibacterial_selective,2.1284399664986795,0.0
RPQKPKF,antibacterial_selective,3.4910100458833875,0.0
RPRPRPR,antibacterial_selective,2.3654791637995287,0.0
RPSKKKR,antibacterial_selective,10.0,0.0
RPVAAEV,antibacterial_selective,-10.0,0.0
RQAQEKF,antibacterial_selective,-10.0,0.0
RQIGTCL,antibacterial_selective,-10.0,0.0
RQLLSGI,antibacterial_selective,-10.0,0.0
RQPRTHY,antibacterial_selective,-10.0,0.0
RQYLKNK,antibacterial_selective,10.0,0.0
RRCLCTK,antibacterial_selective,2.4910100458833875,0.0
RRCPRCP,antibacterial_selective,-10.0,0.0
RRFRRFF,antibacterial_selective,10.0,0.0
RRISKDI,antibacterial_selective,10.0,0.0
RRKKKMK,antibacterial_selective,10.0,0.0
RRLGRKI,antibacterial_selective,4.81293814077075,0.0
RRLLRRL,antibacterial_selective,2.227975640049594,0.0
RRLRKKT,antibacterial_selective,4.365479163799528,0.0
RRLRRSV,antibacterial_selective,10.0,0.0
RRLRWKT,antibacterial_selective,10.0,0.0
RRPIRPP,antibacterial_selective,3.5690125578846605,0.0
RRPIRRP,antibacterial_selective,10.0,0.0
RRPIRRR,antibacterial_selective,3.2279756400495936,0.0
RRPLYCR,antibacterial_selective,10.0,0.0
RRPQKPK,antibacterial_selective,10.0,0.0
RRRPIRP,antibacterial_selective,3.5690125578846605,0.0
RRRSVQW,antibacterial_selective,-2.4158805497251308,0.0
RRSNQKL,antibacterial_selective,3.713402467219836,0.0
RRSVQWC,antibacterial_selective,-2.4158805497251308,0.0
RRTAGWN,antibacterial_selective,-10.0,0.0
RRTVAKV,antibacterial_selective,3.713402467219836,0.0
RRWKYRV,antibacterial_selective,6.075972546604544,0.0
RRYRGGY,antibacterial_selective,-10.0,0.0
RSHRQMV,antibacterial_selective,-10.0,0.0
RSKNQNT,antibacterial_selective,10.0,0.0
RSNQKLD,antibacterial_selective,3.713402467219836,0.0
RSVNGKE,antibacterial_selective,-10.0,0.0
RTAGWNV,antibacterial_selective,-10.0,0.0
RTHYYAV,antibacterial_selective,-10.0,0.0
RTVAKVR,antibacterial_selective,3.713402467219836,0.0
RTVIAGY,antibacterial_selective,10.0,0.0
RTVVAGY,antibacterial_selective,10.0,0.0
RTWYRKA,antibacterial_selective,10.0,0.0
RVCSAIP,antibacterial_selective,10.0,0.0
RVHRLLR,antibacterial_selective,3.713402467219836,0.0
RVKRVWP,antibacterial_selective,10.0,0.0
RVPPRID,antibacterial_selective,-10.0,0.0
RVPSHAV,antibacterial_selective,-10.0,0.0
RVRRPQK,antibacterial_selective,10.0,0.0
RVWPLVI,antibacterial_selective,10.0,0.0
RVYNNGL,antibacterial_selective,-10.0,0.0
RVYRGIY,antibacterial_selective,3.713402467219836,0.0
RWDSQCH,antibacterial_selective,10.0,0.0
RWKIFKK,antibacterial_selective,3.993510386412571,0.0
RWKTRWR,antibacterial_selective,10.0,0.0
RWKYRVP,antibacterial_selective,10.0,0.0
RWPIRRR,antibacterial_selective,10.0,0.0
RWPWWPW,antibacterial_selective,10.0,0.0
RWRKRWR,antibacterial_selective,-10.0,0.0
RWRLKKI,antibacterial_selective,10.0,0.0
RWRRPIR,antibacterial_selective,3.906047545162232,0.0
RWRWPIR,antibacterial_selective,10.0,0.0
RWRWRWF,antibacterial_selective,-10.0,0.0
RWWKWWK,antibacterial_selective,3.713402467219836,0.0
RWWRPGR,antibacterial_selective,10.0,0.0
RWWRWWR,antibacterial_selective,2.391474372332473,0.0
RYRGGYC,antibacterial_selective,-10.0,0.0
RYRRKKK,antibacterial_selective,10.0,0.0
SAGVSVL,antibacterial_selective,4.075972546604544,0.0
SAIGFSR,antibacterial_selective,-10.0,0.0
SAKKTVL,antibacterial_selective,10.0,0.0
SAQITAA,antibacterial_selective,-10.0,0.0
SASCVPG,antibacterial_selective,-10.0,0.0
SCHTGLR,antibacterial_selective,-10.0,0.0
SCIKRDS,antibacterial_selective,-3.263877456280081,0.0
SCKLSND,antibacterial_selective,10.0,0.0
SCLPKEE,antibacterial_selective,3.713402467219836,0.0
SCRGISF,antibacterial_selective,-10.0,0.0
SCVPGAD,antibacterial_selective,-10.0,0.0
SDCNGEC,antibacterial_selective,-10.0,0.0
SDEAERD,antibacterial_selective,-10.0,0.0
SDHNCAS,antibacterial_selective,-10.0,0.0
SFALVCQ,antibacterial_selective,-10.0,0.0
SFLNVNC,antibacterial_selective,-10.0,0.0
SFQLNEL,antibacterial_selective,-10.0,0.0
SFSQARS,antibacterial_selective,-10.0,0.0
SGAFKCL,antibacterial_selective,-10.0,0.0
SGHGQHG,antibacterial_selective,10.0,0.0
SGLYLGS,antibacterial_selective,-10.0,0.0
SGQKDLL,antibacterial_selective,-10.0,0.0
SGYFTAI,antibacterial_selective,-10.0,0.0
SHAVVAR,antibacterial_selective,-10.0,0.0
SHKFKGP,antibacterial_selective,-10.0,0.0
SHSLLVT,antibacterial_selective,10.0,0.0
SIDSPDS,antibacterial_selective,10.0,0.0
SIFRGVA,antibacterial_selective,10.0,0.0
SIGNLIV,antibacterial_selective,-10.0,0.0
SIGRKFG,antibacterial_selective,10.0,0.0
SILGRLA,antibacterial_selective,10.0,0.0
SIPPEVK,antibacterial_selective,-10.0,0.0
SKAQEKF,antibacterial_selective,-10.0,0.0
SKAVCVC,antibacterial_selective,-10.0,0.0
SKDILTG,antibacterial_selective,10.0,0.0
SKEEAQA,antibacterial_selective,10.0,0.0
SKGLGKD,antibacterial_selective,3.4910100458833875,0.0
SKIQNDK,antibacterial_selective,10.0,0.0
SKIWNWK,antibacterial_selective,10.0,0.0
SKKIMRT,antibacterial_selective,10.0,0.0
SKKKRHW,antibacterial_selective,10.0,0.0
SKKLFKK,antibacterial_selective,10.0,0.0
SKKPVPI,antibacterial_selective,2.2279756400495936,0.0
SKKQIRL,antibacterial_selective,10.0,0.0
SKNQNTF,antibacterial_selective,10.0,0.0
SKTAKKL,antibacterial_selective,4.227975640049594,0.0
SKVANTV,antibacterial_selective,10.0,0.0
SKVFPAV,antibacterial_selective,-10.0,0.0
SKVMNKL,antibacterial_selective,10.0,0.0
SKVVPSV,antibacterial_selective,-10.0,0.0
SKVWRHW,antibacterial_selective,10.0,0.0
SLERLDV,antibacterial_selective,1.9060475451622312,0.0
SLIPKAI,antibacterial_selective,10.0,0.0
SLLEQLK,antibacterial_selective,10.0,0.0
SLLKKLK,antibacterial_selective,10.0,0.0
SLLKTLS,antibacterial_selective,4.227975640049594,0.0
SLLSLIR,antibacterial_selective,10.0,0.0
SLLVTLA,antibacterial_selective,10.0,0.0
SLMKKLA,antibacterial_selective,10.0,0.0
SNCNAEC,antibacterial_selective,-10.0,0.0
SNGAIAC,antibacterial_selective,10.0,0.0
SNIKENK,antibacterial_selective,-10.0,0.0
SNQKLDS,antibacterial_selective,2.713402467219836,0.0
SNTFPGI,antibacterial_selective,3.4910100458833875,0.0
SPDSLEN,antibacterial_selective,10.0,0.0
SPKFQLF,antibacterial_selective,-10.0,0.0
SPSGQKD,antibacterial_selective,-10.0,0.0
SPTTRRY,antibacterial_selective,-10.0,0.0
SPVIPLL,antibacterial_selective,4.227975640049594,0.0
SQCHRFS,antibacterial_selective,10.0,0.0
SQEPYFS,antibacterial_selective,-10.0,0.0
SQHRSHR,antibacterial_selective,-10.0,0.0
SQSHKFK,antibacterial_selective,-10.0,0.0
SRLGRCC,antibacterial_selective,-10.0,0.0
SRVPPRI,antibacterial_selective,-10.0,0.0
SSIFRGV,antibacterial_selective,10.0,0.0
SSIGNLI,antibacterial_selective,-10.0,0.0
SSLFKAG,antibacterial_selective,3.4910100458833875,0.0
SSLMKKL,antibacterial_selective,10.0,0.0
SSQEPYF,antibacterial_selective,-10.0,0.0
SSSGSSS,antibacterial_selective,-10.0,0.0
STVFEDL,antibacterial_selective,-10.0,0.0
SVALDPI,antibacterial_selective,-10.0,0.0
SVCQTER,antibacterial_selective,-10.0,0.0
SVGKHIH,antibacterial_selective,10.0,0.0
SVITIEL,antibacterial_selective,-10.0,0.0
SVLNSLS,antibacterial_selective,10.0,0.0
SVNGKED,antibacterial_selective,-10.0,0.0
SVQSSIG,antibacterial_selective,-10.0,0.0
SWDVFTN,antibacterial_selective,-10.0,0.0
SWLRDVW,antibacterial_selective,-10.0,0.0
SYPICKK,antibacterial_selective,10.0,0.0
SYSGAFK,antibacterial_selective,-10.0,0.0
SYVRRWR,antibacterial_selective,10.0,0.0
TAASCFQ,antibacterial_selective,-10.0,0.0
TAGWNVP,antibacterial_selective,-10.0,0.0
TAIQNLR,antibacterial_selective,-10.0,0.0
TALLEQA,antibacterial_selective,-10.0,0.0
TASCKLA,antibacterial_selective,10.0,0.0
TCEQIAD,antibacterial_selective,-10.0,0.0
TCESQSH,antibacterial_selective,-3.263877456280081,0.0
TCFKGKC,antibacterial_selective,10.0,0.0
TCTCGKQ,antibacterial_selective,10.0,0.0
TDAKVKL,antibacterial_selective,-10.0,0.0
TDGHCSK,antibacterial_selective,2.9060475451622314,0.0
TDVILMC,antibacterial_selective,10.0,0.0
TELQLLM,antibacterial_selective,-10.0,0.0
TERFSGG,antibacterial_selective,-10.0,0.0
TERQPRT,antibacterial_selective,-10.0,0.0
TFLRRIS,antibacterial_selective,4.075972546604544,0.0
TFPGICI,antibacterial_selective,3.4910100458833875,0.0
TGENKCA,antibacterial_selective,-10.0,0.0
TGLRRTA,antibacterial_selective,-10.0,0.0
TGLYRWC,antibacterial_selective,-10.0,0.0
TGPPEPI,antibacterial_selective,-10.0,0.0
THYYAVA,antibacterial_selective,-10.0,0.0
TIAMRAI,antibacterial_selective,2.643013139328437,0.0
TIELSNI,antibacterial_selective,-10.0,0.0
TIRQYLK,antibacterial_selective,10.0,0.0
TKDLQQK,antibacterial_selective,10.0,0.0
TKTYFPH,antibacterial_selective,-10.0,0.0
TLAQAQK,antibacterial_selective,10.0,0.0
TLDGGFI,antibacterial_selective,-10.0,0.0
TLGEWYN,antibacterial_selective,10.0,0.0
TLKQFAK,antibacterial_selective,2.713402467219836,0.0
TLLKALS,antibacterial_selective,4.075972546604544,0.0
TLNNSVA,antibacterial_selective,-10.0,0.0
TLRPFLN,antibacterial_selective,-10.0,0.0
TRGRKCC,antibacterial_selective,3.713402467219836,0.0
TRKPVDK,antibacterial_selective,-10.0,0.0
TRKRLKK,antibacterial_selective,3.3654791637995287,0.0
TRWRLKK,antibacterial_selective,10.0,0.0
TSAQITA,antibacterial_selective,-10.0,0.0
TSDCNGE,antibacterial_selective,-10.0,0.0
TSNCNAE,antibacterial_selective,-10.0,0.0
TSVITIE,antibacterial_selective,-10.0,0.0
TTKTYFP,antibacterial_selective,-10.0,0.0
TTWEAWD,antibacterial_selective,-10.0,0.0
TVAKVRK,antibacterial_selective,10.0,0.0
TVFEDLS,antibacterial_selective,-10.0,0.0
TVIAGYN,antibacterial_selective,10.0,0.0
TVKNAAK,antibacterial_selective,3.4910100458833875,0.0
TVQKLKR,antibacterial_selective,10.0,0.0
TVVAGYN,antibacterial_selective,10.0,0.0
TVWQIKQ,antibacterial_selective,-10.0,0.0
TWKKIKG,antibacterial_selective,10.0,0.0
TWYRKAW,antibacterial_selective,10.0,0.0
VAAEVYG,antibacterial_selective,-10.0,0.0
VAAPVLS,antibacterial_selective,10.0,0.0
VAATYVL,antibacterial_selective,-10.0,0.0
VACKISK,antibacterial_selective,3.713402467219836,0.0
VAFIRES,antibacterial_selective,-10.0,0.0
VAGVAAE,antibacterial_selective,3.713402467219836,0.0
VAGYNLY,antibacterial_selective,10.0,0.0
VAKFASK,antibacterial_selective,10.0,0.0
VANTVQK,antibacterial_selective,10.0,0.0
VARFFSA,antibacterial_selective,-10.0,0.0
VARSVNG,antibacterial_selective,-10.0,0.0
VATSAQI,antibacterial_selective,-10.0,0.0
VAVVGQA,antibacterial_selective,2.391474372332473,0.0
VAVVKKG,antibacterial_selective,-10.0,0.0
VCLVFLA,antibacterial_selective,-10.0,0.0
VCQTERF,antibacterial_selective,-10.0,0.0
VCRKPVV,antibacterial_selective,10.0,0.0
VCRRGIC,antibacterial_selective,10.0,0.0
VDAMSKK,antibacterial_selective,10.0,0.0
VDCQTPV,antibacterial_selective,-10.0,0.0
VDKFKDC,antibacterial_selective,-10.0,0.0
VETLAQA,antibacterial_selective,10.0,0.0
VFEDLSD,antibacterial_selective,-10.0,0.0
VFKLASK,antibacterial_selective,-10.0,0.0
VFKRLGI,antibacterial_selective,3.4910100458833875,0.0
VFLASFA,antibacterial_selective,-10.0,0.0
VFPAVFG,antibacterial_selective,-10.0,0.0
VGHKLGE,antibacterial_selective,-10.0,0.0
VGKAGAQ,antibacterial_selective,3.4910100458833875,0.0
VGMAAGA,antibacterial_selective,10.0,0.0
VGQAATV,antibacterial_selective,10.0,0.0
VGRNVRD,antibacterial_selective,2.043551068912166,0.0
VGRVHRL,antibacterial_selective,3.5690125578846605,0.0
VHRLLRK,antibacterial_selective,3.408547885691415,0.0
VIAGYNL,antibacterial_selective,10.0,0.0
VIDRFGG,antibacterial_selective,10.0,0.0
VILMCFS,antibacterial_selective,10.0,0.0
VIPLLHL,antibacterial_selective,4.075972546604544,0.0
VIRTVVA,antibacterial_selective,10.0,0.0
VITIELS,antibacterial_selective,-10.0,0.0
VKIMVKK,antibacterial_selective,10.0,0.0
VKKEGIS,antibacterial_selective,10.0,0.0
VKKGGSF,antibacterial_selective,-10.0,0.0
VKKYGPT,antibacterial_selective,10.0,0.0
VKLIKQE,antibacterial_selective,-10.0,0.0
VKRVWPL,antibacterial_selective,10.0,0.0
VKRWKKW,antibacterial_selective,10.0,0.0
VKTVLHT,antibacterial_selective,10.0,0.0
VLGEAKA,antibacterial_selective,3.4910100458833875,0.0
VLGYERN,antibacterial_selective,3.4910100458833875,0.0
VLNSLSC,antibacterial_selective,10.0,0.0
VLRIIRI,antibacterial_selective,10.0,0.0
VLSCLPK,antibacterial_selective,3.4910100458833875,0.0
VMTAASC,antibacterial_selective,-10.0,0.0
VNCWCET,antibacterial_selective,-10.0,0.0
VNGKEDA,antibacterial_selective,-10.0,0.0
VNYTSDC,antibacterial_selective,-10.0,0.0
VNYTSNC,antibacterial_selective,-10.0,0.0
VPGADKG,antibacterial_selective,-10.0,0.0
VPIGTLR,antibacterial_selective,-10.0,0.0
VPIIYCN,antibacterial_selective,3.2279756400495936,0.0
VPIRCPG,antibacterial_selective,-10.0,0.0
VPPRIDS,antibacterial_selective,-10.0,0.0
VPSHAVV,antibacterial_selective,-10.0,0.0
VQGACRA,antibacterial_selective,10.0,0.0
VQGKKGI,antibacterial_selective,10.0,0.0
VQKLKRK,antibacterial_selective,10.0,0.0
VQSSIGN,antibacterial_selective,-10.0,0.0
VQSVQSS,antibacterial_selective,-10.0,0.0
VRDGIIK,antibacterial_selective,3.4910100458833875,0.0
VRGIRKV,antibacterial_selective,10.0,0.0
VRGPPVS,antibacterial_selective,-2.0939524548377686,0.0
VRPLPGG,antibacterial_selective,-10.0,0.0
VRRFRRF,antibacterial_selective,10.0,0.0
VRRPQKP,antibacterial_selective,10.0,0.0
VSCIKRD,antibacterial_selective,-3.263877456280081,0.0
VSGHGQH,antibacterial_selective,10.0,0.0
VSKKIMR,antibacterial_selective,10.0,0.0
VSVLNSL,antibacterial_selective,10.0,0.0
VTELQLL,antibacterial_selective,-10.0,0.0
VTLDGGF,antibacterial_selective,-10.0,0.0
VVAGYNL,antibacterial_selective,10.0,0.0
VVARSVN,antibacterial_selective,-10.0,0.0
VVCLVFL,antibacterial_selective,-10.0,0.0
VVCRKPV,antibacterial_selective,10.0,0.0
VVGQAAT,antibacterial_selective,3.906047545162232,0.0
VVIRTVV,antibacterial_selective,10.0,0.0
VVIVGAG,antibacterial_selective,-10.0,0.0
VVKKGGS,antibacterial_selective,-10.0,0.0
VVKKVVK,antibacterial_selective,10.0,0.0
VVQGACR,antibacterial_selective,10.0,0.0
VWQIKQL,antibacterial_selective,-10.0,0.0
VWRHWRR,antibacterial_selective,10.0,0.0
VYCAASK,antibacterial_selective,2.9060475451622314,0.0
VYGTERQ,antibacterial_selective,-10.0,0.0
VYKGGYT,antibacterial_selective,-10.0,0.0
VYNNGLP,antibacterial_selective,-10.0,0.0
VYRGIYR,antibacterial_selective,3.4910100458833875,0.0
WAREIWA,antibacterial_selective,-10.0,0.0
WATLFKK,antibacterial_selective,-10.0,0.0
WAWRMLK,antibacterial_selective,3.4910100458833875,0.0
WCRCVCR,antibacterial_selective,10.0,0.0
WDKKIEE,antibacterial_selective,-2.553384073475066,0.0
WDRAIAE,antibacterial_selective,-10.0,0.0
WDSQCHR,antibacterial_selective,10.0,0.0
WDVFTNW,antibacterial_selective,-10.0,0.0
WEEWDKK,antibacterial_selective,-2.553384073475066,0.0
WEHLKDW,antibacterial_selective,10.0,0.0
WFKARRW,antibacterial_selective,10.0,0.0
WFRVYRG,antibacterial_selective,3.713402467219836,0.0
WGWRDIV,antibacterial_selective,10.0,0.0
WIRRSNQ,antibacterial_selective,3.713402467219836,0.0
WKAAAKA,antibacterial_selective,10.0,0.0
WKIFKKI,antibacterial_selective,2.713402467219836,0.0
WKKIKGK,antibacterial_selective,10.0,0.0
WKKIWKP,antibacterial_selective,4.075972546604544,0.0
WKLLSKA,antibacterial_selective,-10.0,0.0
WKPGIKK,antibacterial_selective,4.365479163799528,0.0
WKSYVRR,antibacterial_selective,10.0,0.0
WKTRWRL,antibacterial_selective,10.0,0.0
WKWKWKW,antibacterial_selective,10.0,0.0
WKWPWLP,antibacterial_selective,10.0,0.0
WKYRVPP,antibacterial_selective,10.0,0.0
WLKAAKL,antibacterial_selective,10.0,0.0
WLKGGKL,antibacterial_selective,10.0,0.0
WLKKWLK,antibacterial_selective,10.0,0.0
WLRDVWD,antibacterial_selective,-10.0,0.0
WLSKTAK,antibacterial_selective,4.227975640049594,0.0
WMQKVID,antibacterial_selective,10.0,0.0
WMRWYSP,antibacterial_selective,-10.0,0.0
WNLLRQA,antibacterial_selective,-10.0,0.0
WNVAKSV,antibacterial_selective,10.0,0.0
WNVPIGT,antibacterial_selective,-10.0,0.0
WPIRRRP,antibacterial_selective,10.0,0.0
WPVVIRT,antibacterial_selective,10.0,0.0
WQIKQLQ,antibacterial_selective,-10.0,0.0
WRDIVRG,antibacterial_selective,10.0,0.0
WRHWRRF,antibacterial_selective,10.0,0.0
WRIRIRR,antibacterial_selective,10.0,0.0
WRKAFRW,antibacterial_selective,10.0,0.0
WRKAVIA,antibacterial_selective,10.0,0.0
WRMLKKA,antibacterial_selective,3.713402467219836,0.0
WRPGRWW,antibacterial_selective,10.0,0.0
WRRFWHR,antibacterial_selective,10.0,0.0
WRRPIRR,antibacterial_selective,3.906047545162232,0.0
WRRTVAK,antibacterial_selective,3.713402467219836,0.0
WRWPIRR,antibacterial_selective,10.0,0.0
WRWWKWW,antibacterial_selective,3.906047545162232,0.0
WTGPPEP,antibacterial_selective,-10.0,0.0
WWKWWKG,antibacterial_selective,3.4910100458833875,0.0
WWPFKKK,antibacterial_selective,3.4910100458833875,0.0
WWRPGRW,antibacterial_selective,10.0,0.0
WWRRTVA,antibacterial_selective,3.713402467219836,0.0
WWRWWRR,antibacterial_selective,2.713402467219836,0.0
WWWPFKK,antibacterial_selective,3.713402467219836,0.0
WYNQTKD,antibacterial_selective,10.0,0.0
WYRKAWH,antibacterial_selective,10.0,0.0
YAVAVVK,antibacterial_selective,-10.0,0.0
YCAASKK,antibacterial_selective,3.3654791637995287,0.0
YCNSKAV,antibacterial_selective,-10.0,0.0
YEAGLAP,antibacterial_selective,-10.0,0.0
YEIIMDI,antibacterial_selective,4.81293814077075,0.0
YELLCPD,antibacterial_selective,-10.0,0.0
YELQKLN,antibacterial_selective,-10.0,0.0
YERNSYK,antibacterial_selective,3.713402467219836,0.0
YFSYSGA,antibacterial_selective,-10.0,0.0
YFTAIQN,antibacterial_selective,-10.0,0.0
YGGYGRG,antibacterial_selective,-10.0,0.0
YGKKALQ,antibacterial_selective,10.0,0.0
YGNGVHC,antibacterial_selective,-10.0,0.0
YGNGVYC,antibacterial_selective,-3.181415296088108,0.0
YGPTVLR,antibacterial_selective,10.0,0.0
YGTERQP,antibacterial_selective,-10.0,0.0
YHFWHRG,antibacterial_selective,10.0,0.0
YKGGYCA,antibacterial_selective,2.713402467219836,0.0
YKGGYTR,antibacterial_selective,-10.0,0.0
YKLRPVA,antibacterial_selective,-10.0,0.0
YKNAVTE,antibacterial_selective,-10.0,0.0
YLGSGYF,antibacterial_selective,-10.0,0.0
YLHRIDL,antibacterial_selective,10.0,0.0
YLKNEIK,antibacterial_selective,10.0,0.0
YLKNKIK,antibacterial_selective,10.0,0.0
YLLKHYG,antibacterial_selective,10.0,0.0
YLLKYYG,antibacterial_selective,10.0,0.0
YNNGLPT,antibacterial_selective,-10.0,0.0
YNQTKDL,antibacterial_selective,10.0,0.0
YQLLIRM,antibacterial_selective,10.0,0.0
YRGGYCN,antibacterial_selective,-10.0,0.0
YRKAWHV,antibacterial_selective,10.0,0.0
YRRKKKM,antibacterial_selective,10.0,0.0
YSGAFKC,antibacterial_selective,-10.0,0.0
YSPTTRR,antibacterial_selective,-10.0,0.0
YTSDCNG,antibacterial_selective,-10.0,0.0
YTSNCNA,antibacterial_selective,-10.0,0.0
YTSVITI,antibacterial_selective,-10.0,0.0
YVRRWRS,antibacterial_selective,10.0,0.0
YYAVAVV,antibacterial_selective,-10.0,0.0
YYGKKAL,antibacterial_selective,10.0,0.0
YYGNGVH,antibacterial_selective,-10.0,0.0
YYGNGVY,antibacterial_selective,-10.0,0.0
YYHFWHR,antibacterial_selective,10.0,0.0
AAAKAAL,dual_activity,2.9060475451622314,4.736241588768703
AAFAAWA,dual_activity,4.227975640049594,3.543596510826307
AAKALVK,dual_activity,4.075972546604544,4.736241588768703
AANFLPK,dual_activity,2.2845591684159614,4.543596510826307
AANFLPQ,dual_activity,3.906047545162232,10.0
AARIEAL,dual_activity,-10.0,-10.0
AARIILR,dual_activity,10.0,10.0
AAVALVE,dual_activity,-10.0,-10.0
AAVVLIV,dual_activity,-10.0,-10.0
AAWAAFA,dual_activity,4.075972546604544,3.321204089489859
ACKINKQ,dual_activity,4.227975640049594,5.0581696836560655
ACKNQCI,dual_activity,-10.0,-10.0
ACRLKKL,dual_activity,10.0,10.0
AEYAARI,dual_activity,-10.0,-10.0
AFAAWAA,dual_activity,4.227975640049594,3.543596510826307
AFVGEIM,dual_activity,2.043551068912166,2.12326471187795
AGKAIHR,dual_activity,10.0,10.0
AGKIAKI,dual_activity,5.115500910791181,4.690437899155579
AGLAANF,dual_activity,2.5690125578846605,4.151279088047547
AGMAKKL,dual_activity,3.713402467219836,10.0
AGPAKKL,dual_activity,10.0,10.0
AGTGVLK,dual_activity,10.0,4.0581696836560655
AGYNLYR,dual_activity,10.0,2.584238495323653
AHKCICY,dual_activity,-10.0,-10.0
AIAKKKG,dual_activity,10.0,10.0
AIAVAKM,dual_activity,10.0,10.0
AIEAQQH,dual_activity,-3.585805551167444,-10.0
AIGSILG,dual_activity,10.0,10.0
AIHGLIH,dual_activity,10.0,3.058169683656065
AIHRLIR,dual_activity,10.0,10.0
AIKGAIA,dual_activity,4.075972546604544,3.736241588768703
AIKKEQE,dual_activity,-10.0,-10.0
AIKLINN,dual_activity,5.075972546604544,3.851718806188639
AILKHII,dual_activity,10.0,10.0
AIRDTNK,dual_activity,-10.0,-10.0
AKALVKT,dual_activity,3.906047545162232,4.543596510826307
AKELRRY,dual_activity,10.0,4.0581696836560655
AKGALKL,dual_activity,10.0,3.736241588768703
AKGLPTL,dual_activity,10.0,4.906166590211015
AKIAGKI,dual_activity,4.950441664520684,5.009260083175119
AKKFGKA,dual_activity,1.210902126690652,1.4883140753251174
AKKLFKK,dual_activity,10.0,3.321204089489859
AKQARSD,dual_activity,-10.0,-10.0
AKRIWKI,dual_activity,10.0,10.0
ALAKGAL,dual_activity,10.0,4.736241588768703
ALAVVVW,dual_activity,2.713402467219836,4.321204089489859
ALFKVAS,dual_activity,2.043551068912166,2.584238495323653
ALIHARF,dual_activity,-10.0,-10.0
ALISWIK,dual_activity,3.713402467219836,3.9992759946024967
ALKAISS,dual_activity,10.0,2.9586340101051505
ALKKVFQ,dual_activity,10.0,3.4143134938813406
ALKLLKK,dual_activity,3.713402467219836,10.0
ALKPISS,dual_activity,3.4910100458833875,10.0
ALVEAKQ,dual_activity,-10.0,-10.0
ALVKTVL,dual_activity,3.713402467219836,4.321204089489859
ANFLPKI,dual_activity,2.2279756400495936,5.195673207406
ANFLPQI,dual_activity,4.075972546604544,10.0
ANVNCWC,dual_activity,-10.0,-10.0
AQEKFGK,dual_activity,-10.0,-10.0
AQIQQEK,dual_activity,-10.0,-10.0
AQITAAV,dual_activity,-10.0,-10.0
AQQHLLQ,dual_activity,-3.6175144108947817,-10.0
ARFVMTA,dual_activity,-10.0,-10.0
ARHGSCN,dual_activity,-10.0,-10.0
ARILAVE,dual_activity,-10.0,-10.0
ARIVVIR,dual_activity,-5.223235471782735,-10.0
ARLKKLC,dual_activity,10.0,10.0
ARRFARR,dual_activity,10.0,10.0
ARSDIEK,dual_activity,-10.0,-10.0
ASIGKEV,dual_activity,3.4910100458833875,10.0
ASLVKNL,dual_activity,3.4910100458833875,4.321204089489859
AVALVEA,dual_activity,-10.0,-10.0
AVDFFKG,dual_activity,10.0,10.0
AVERYLK,dual_activity,-10.0,-10.0
AVLVGAN,dual_activity,2.7805166630783726,4.195673207406
AVTDMVN,dual_activity,3.4910100458833875,3.058169683656065
AVVLIVI,dual_activity,-10.0,-10.0
AWAAFAA,dual_activity,3.906047545162232,3.058169683656065
AWDRAIA,dual_activity,-10.0,-10.0
AWKKYGP,dual_activity,2.9060475451622314,3.321204089489859
AYVRVRG,dual_activity,5.365479163799528,10.0
CARLKKL,dual_activity,10.0,10.0
CEVLSDF,dual_activity,3.2279756400495936,3.473207182934909
CFKGKCY,dual_activity,10.0,10.0
CFRVCYR,dual_activity,4.075972546604544,3.2387419292978863
CGESCVF,dual_activity,1.7134024672198356,1.8517188061886387
CGETCFK,dual_activity,10.0,3.058169683656065
CGNNNAC,dual_activity,-10.0,-10.0
CGSFANV,dual_activity,-10.0,-10.0
CICYFPC,dual_activity,-10.0,-10.0
CKIARKC,dual_activity,10.0,5.0581696836560655
CKINKQC,dual_activity,4.491010045883388,5.321204089489859
CKISGGC,dual_activity,10.0,10.0
CKITKKC,dual_activity,2.227975640049594,5.6431321843772215
CKLAKTC,dual_activity,4.365479163799528,3.1512790880475468
CKRRGYK,dual_activity,-10.0,-10.0
CNYVFPA,dual_activity,-10.0,-10.0
CRCICGR,dual_activity,-10.0,-10.0
CRLKKLA,dual_activity,10.0,10.0
CRRRFCR,dual_activity,10.0,4.543596510826307
CVTYCRG,dual_activity,4.227975640049594,3.906166590211016
CVWGAVN,dual_activity,-10.0,-10.0
CVYAYVR,dual_activity,10.0,10.0
CYKQRCV,dual_activity,3.713402467219836,3.321204089489859
CYRGICY,dual_activity,4.764028540289804,3.736241588768703
CYTPGCS,dual_activity,2.9060475451622314,3.321204089489859
DFLRNLV,dual_activity,1.7361225437199188,2.473207182934909
DIEKLKE,dual_activity,-10.0,-10.0
DKLIGSC,dual_activity,-10.0,-10.0
DKPPYLP,dual_activity,-3.486269877616529,-3.78732036728831
DLIKKAV,dual_activity,10.0,10.0
DLLKGAA,dual_activity,10.0,4.321204089489859
DTLKKVA,dual_activity,10.0,4.321204089489859
DTNKAVQ,dual_activity,-10.0,-10.0
EAIKKEQ,dual_activity,-10.0,-10.0
EAIKLIN,dual_activity,4.906047545162231,3.610710706684844
EAIRDTN,dual_activity,-10.0,-10.0
EAKQARS,dual_activity,-10.0,-10.0
EAQQHLL,dual_activity,-3.6175144108947817,-10.0
ECKRRGY,dual_activity,-10.0,-10.0
EELIKKS,dual_activity,-2.553384073475066,-10.0
EESQNQQ,dual_activity,-2.6789149555589247,-3.621310415849381
EEYTKKI,dual_activity,-2.596452795366952,-10.0
EIEAIKK,dual_activity,-10.0,-10.0
EIRKRGR,dual_activity,3.713402467219836,4.321204089489859
EKARHGS,dual_activity,-10.0,-10.0
EKKIEEI,dual_activity,-10.0,-10.0
EKLFSKI,dual_activity,3.713402467219836,3.1512790880475468
EKLKEAI,dual_activity,-10.0,-10.0
EKLLQLT,dual_activity,-10.0,-10.0
EKNMYEL,dual_activity,-10.0,-10.0
EKVKNLV,dual_activity,3.4910100458833875,10.0
ELRRYIR,dual_activity,10.0,4.0581696836560655
EQAQIQQ,dual_activity,-10.0,-10.0
EQEAIKK,dual_activity,-10.0,-10.0
ERYLKDQ,dual_activity,-10.0,-10.0
ESCVFIP,dual_activity,1.6430131393284375,1.9772496882724977
ESQNQQE,dual_activity,-2.6789149555589247,-3.621310415849381
EVLSDFK,dual_activity,2.643013139328437,3.058169683656065
EYAARIE,dual_activity,-10.0,-10.0
EYTKKIE,dual_activity,-2.4631862645034874,-10.0
FAAWAAF,dual_activity,4.606487263303324,3.321204089489859
FAKKFAK,dual_activity,0.9731617410207684,1.2001886885284931
FALWLAF,dual_activity,10.0,10.0
FANVNCW,dual_activity,-10.0,-10.0
FARRFAR,dual_activity,10.0,10.0
FEKVKNL,dual_activity,3.4910100458833875,10.0
FFGWLIK,dual_activity,3.4910100458833875,3.058169683656065
FFHHIFR,dual_activity,3.9649412342158,4.128559011547464
FFKKAAH,dual_activity,2.043551068912166,3.058169683656065
FFRRFFR,dual_activity,10.0,4.0581696836560655
FGKAFVG,dual_activity,1.4910100458833877,2.183700565739924
FGRFLRK,dual_activity,3.4910100458833875,4.0581696836560655
FHHIFRG,dual_activity,3.844647000498088,3.2387419292978863
FIHHIIG,dual_activity,3.075972546604544,4.0581696836560655
FITDLIK,dual_activity,10.0,10.0
FKAGLGS,dual_activity,10.0,10.0
FKDLLKG,dual_activity,10.0,10.0
FKGKCYT,dual_activity,10.0,10.0
FKKAAHV,dual_activity,1.6836551238257833,2.610710706684844
FKKFFKK,dual_activity,2.021524762582167,2.195673207406
FKKILKY,dual_activity,6.81293814077075,3.07727850660377
FKKIPKF,dual_activity,2.043551068912166,2.321204089489859
FKKLFKK,dual_activity,2.4910100458833875,2.736241588768703
FKRIVQR,dual_activity,1.828045033160958,2.2019051611175144
FKRLEKL,dual_activity,3.906047545162232,3.321204089489859
FKSAKKT,dual_activity,10.0,3.321204089489859
FKSLKKT,dual_activity,10.0,10.0
FLCLVFK,dual_activity,10.0,3.058169683656065
FLFKLIP,dual_activity,10.0,10.0
FLFSLIP,dual_activity,4.365479163799528,10.0
FLGALFK,dual_activity,2.491010045883388,2.321204089489859
FLGTLVN,dual_activity,3.906047545162232,4.736241588768703
FLHLAKK,dual_activity,3.408547885691415,2.9586340101051505
FLHSAKK,dual_activity,2.310437800241566,1.625210276379959
FLKTFKS,dual_activity,10.0,3.806630916660101
FLPLLAG,dual_activity,2.9060475451622314,10.0
FLPQILC,dual_activity,3.906047545162232,10.0
FLRKIRR,dual_activity,3.4910100458833875,4.0581696836560655
FLSKWIG,dual_activity,10.0,4.0581696836560655
FLSLIPK,dual_activity,3.2279756400495936,4.0581696836560655
FPAHKCI,dual_activity,-10.0,-10.0
FQGIHEA,dual_activity,10.0,5.321204089489859
FRGIVHV,dual_activity,3.2279756400495936,2.8357772623196174
FRLPFRR,dual_activity,10.0,10.0
FRNKIKE,dual_activity,2.538315760661744,-3.0711133332889013
FRRLRKK,dual_activity,4.491010045883388,2.221668415938945
FRRPPIR,dual_activity,10.0,10.0
FRVCYRG,dual_activity,4.179066039568648,3.3992066014911324
FSAGKAI,dual_activity,10.0,10.0
FSSFSKK,dual_activity,10.0,10.0
FVACKIN,dual_activity,10.0,10.0
FVGEIMN,dual_activity,2.713402467219836,2.4143134938813406
FVKKIMN,dual_activity,10.0,2.9586340101051505
FWGALAK,dual_activity,10.0,4.736241588768703
GAAKALV,dual_activity,3.906047545162232,4.543596510826307
GAIAVAK,dual_activity,10.0,10.0
GAIKGAI,dual_activity,4.075972546604544,3.736241588768703
GAILKHI,dual_activity,10.0,10.0
GALAKGA,dual_activity,10.0,4.736241588768703
GALAVVV,dual_activity,2.713402467219836,4.321204089489859
GALFKVA,dual_activity,1.9060475451622312,2.736241588768703
GALIHAR,dual_activity,-10.0,-10.0
GAVLKVL,dual_activity,1.2279756400495936,1.446734971573718
GAVNYTS,dual_activity,-10.0,-10.0
GESCVFI,dual_activity,1.6430131393284375,1.9772496882724977
GFKDLLK,dual_activity,10.0,10.0
GFVACKI,dual_activity,10.0,10.0
GGALIHA,dual_activity,-10.0,-10.0
GGGGLGG,dual_activity,-10.0,-10.0
GGGLGGG,dual_activity,-10.0,-10.0
GGGYGGG,dual_activity,-4.303405820466718,-10.0
GGHCGSF,dual_activity,-10.0,-10.0
GGLFSAG,dual_activity,10.0,10.0
GGLGGGG,dual_activity,-10.0,-10.0
GGLISAF,dual_activity,2.713402467219836,3.543596510826307
GHCGSFA,dual_activity,-10.0,-10.0
GIAAHVA,dual_activity,10.0,10.0
GIAGMAK,dual_activity,3.4910100458833875,10.0
GIASLVK,dual_activity,2.713402467219836,4.906166590211015
GICRCIC,dual_activity,-10.0,-10.0
GICYRRC,dual_activity,5.6609350473257,3.321204089489859
GIGKFLH,dual_activity,2.208610315182663,1.999275994602497
GIHEAIK,dual_activity,10.0,3.958634010105152
GIHKAIK,dual_activity,10.0,4.0581696836560655
GIKKWLH,dual_activity,10.0,3.543596510826307
GIKQLQA,dual_activity,-3.553384073475066,-10.0
GIVHVGK,dual_activity,3.2279756400495936,2.473207182934909
GIVQQQN,dual_activity,-3.553384073475066,-10.0
GIWKKWI,dual_activity,10.0,10.0
GKAAGKA,dual_activity,2.4910100458833875,3.736241588768703
GKAFVGE,dual_activity,1.6945434399685195,1.8431567926852148
GKAIHRL,dual_activity,10.0,10.0
GKCYTPG,dual_activity,4.227975640049594,3.058169683656065
GKEVLKA,dual_activity,10.0,10.0
GKFLHSA,dual_activity,2.1861554643549668,1.81024217021248
GKIAKIA,dual_activity,5.153975058605817,4.736241588768703
GKIIKVV,dual_activity,3.713402467219836,10.0
GKKFKRI,dual_activity,10.0,10.0
GKKILGA,dual_activity,10.0,10.0
GKKVLCG,dual_activity,3.713402467219836,4.543596510826307
GKLLSTA,dual_activity,4.227975640049594,10.0
GKLWKGV,dual_activity,10.0,10.0
GKTIHRL,dual_activity,3.2279756400495936,2.1512790880475468
GKVGLGF,dual_activity,10.0,5.195673207406
GKWMSLL,dual_activity,10.0,10.0
GLAANFL,dual_activity,2.643013139328437,4.238741929297886
GLFSAGK,dual_activity,10.0,10.0
GLGFVAC,dual_activity,10.0,5.0581696836560655
GLGGGGL,dual_activity,-10.0,-10.0
GLGSLVK,dual_activity,3.4910100458833875,10.0
GLISAFK,dual_activity,2.9060475451622314,4.195673207406
GLKALKK,dual_activity,10.0,10.0
GLLKRIK,dual_activity,10.0,3.543596510826307
GLLPKLA,dual_activity,2.2752813548279502,-3.0711133332889013
GLNALKK,dual_activity,4.227975640049594,2.5138491674322547
GLPALIS,dual_activity,2.538315760661744,2.9772496882724977
GLPTCGE,dual_activity,2.713402467219836,4.543596510826307
GLRKRLR,dual_activity,2.4910100458833875,-3.3081525305897506
GMAKKLL,dual_activity,3.713402467219836,10.0
GMWSKIL,dual_activity,10.0,10.0
GNNNACK,dual_activity,-10.0,-10.0
GPAKKLF,dual_activity,10.0,10.0
GPLLKIA,dual_activity,3.906047545162232,3.321204089489859
GRFLRKI,dual_activity,3.4910100458833875,4.0581696836560655
GRKAVIA,dual_activity,4.365479163799528,2.9586340101051505
GRRRRRR,dual_activity,-4.048148765224644,-10.0
GRWRWWW,dual_activity,10.0,10.0
GSCNYVF,dual_activity,-10.0,-10.0
GSCVWGA,dual_activity,-10.0,-10.0
GSFANVN,dual_activity,-10.0,-10.0
GSLVKGI,dual_activity,3.4910100458833875,10.0
GTLVNLA,dual_activity,2.9060475451622314,4.906166590211015
GTWSGVC,dual_activity,-3.3418799682813543,-10.0
GVCGNNN,dual_activity,-10.0,-10.0
GVGKKVL,dual_activity,3.4910100458833875,4.321204089489859
GVLKTAG,dual_activity,3.713402467219836,10.0
GVLVRYR,dual_activity,5.491010045883388,6.195673207406
GVRYRRC,dual_activity,10.0,10.0
GVVDILK,dual_activity,3.429609501219244,2.436681306909795
GYKGGHC,dual_activity,-10.0,-10.0
GYNLYRA,dual_activity,10.0,2.584238495323653
HARFVMT,dual_activity,-10.0,-10.0
HCGSFAN,dual_activity,-10.0,-10.0
HEAIKLI,dual_activity,5.298364967940992,3.6431321843772215
HFLGTLV,dual_activity,10.0,10.0
HGSCNYV,dual_activity,-10.0,-10.0
HHIFRGI,dual_activity,3.4910100458833875,2.736241588768703
HHIIGGL,dual_activity,10.0,5.6431321843772215
HIFRGIV,dual_activity,3.298364967940992,2.9288866667110987
HIIGGLF,dual_activity,10.0,5.6431321843772215
HKAIKLI,dual_activity,10.0,10.0
HKCICYF,dual_activity,-10.0,-10.0
HLASKVM,dual_activity,3.153975058605817,1.8882446822137529
HLLQLTV,dual_activity,-3.4515044594558524,-10.0
HRAHRKL,dual_activity,10.0,10.0
HRILMRI,dual_activity,10.0,4.0581696836560655
HRLIRRR,dual_activity,10.0,10.0
HSAKKFG,dual_activity,1.9060475451622312,2.016349507961438
HSLIEES,dual_activity,-2.048148765224644,-3.1706490068398154
HTALKAI,dual_activity,10.0,2.851718806188639
HVGKTIH,dual_activity,2.9060475451622314,1.942692466236129
IAEYAAR,dual_activity,-10.0,-10.0
IAGKIAK,dual_activity,3.7805166630783726,4.098811668153411
IAGLAAN,dual_activity,2.9060475451622314,4.321204089489859
IAGMAKK,dual_activity,3.713402467219836,10.0
IAHGVKK,dual_activity,10.0,2.1512790880475468
IAKELRR,dual_activity,10.0,4.0581696836560655
IAKIAGK,dual_activity,5.035330562107197,4.6431321843772215
IAKKKGK,dual_activity,10.0,10.0
IAKRIWK,dual_activity,10.0,10.0
IASIGKE,dual_activity,3.4910100458833875,10.0
IASLVKN,dual_activity,3.713402467219836,4.543596510826307
IAVAKMV,dual_activity,10.0,10.0
ICRCICG,dual_activity,-10.0,-10.0
ICYRRCR,dual_activity,5.491010045883388,3.4143134938813406
IEAIEKL,dual_activity,-10.0,-10.0
IEAIKKE,dual_activity,-10.0,-10.0
IEAQQHL,dual_activity,-3.6175144108947817,-10.0
IEELIKK,dual_activity,-2.6175144108947817,-10.0
IEESQNQ,dual_activity,-2.585805551167444,-3.511685924674883
IEEYTKK,dual_activity,-2.553384073475066,-10.0
IEKKIEE,dual_activity,-10.0,-10.0
IEKLKEA,dual_activity,-10.0,-10.0
IEKLLQL,dual_activity,-10.0,-10.0
IFEKVKN,dual_activity,3.4910100458833875,10.0
IFKAGLG,dual_activity,10.0,10.0
IFRGIVH,dual_activity,3.298364967940992,2.9288866667110987
IGGLFSA,dual_activity,10.0,10.0
IGKEVLK,dual_activity,10.0,10.0
IGKFLHS,dual_activity,2.353506522133453,1.65377942857673
IGKKFKR,dual_activity,10.0,10.0
IGSCVWG,dual_activity,-10.0,-10.0
IHARFVM,dual_activity,-10.0,-10.0
IHEAIKL,dual_activity,10.0,4.6431321843772215
IHHIIGG,dual_activity,10.0,5.543596510826307
IHKAIKL,dual_activity,10.0,10.0
IHPPPFY,dual_activity,10.0,10.0
IHRLIRR,dual_activity,10.0,10.0
IHRLVTG,dual_activity,3.321085044441076,2.67484104410456
IIGGLFS,dual_activity,10.0,5.736241588768703
IIKKIIK,dual_activity,5.860243855549107,2.643132184377221
IKDFLRN,dual_activity,1.9060475451622312,2.32120408948986
IKGAIAV,dual_activity,10.0,10.0
IKKEIEA,dual_activity,-10.0,-10.0
IKKEQEA,dual_activity,-10.0,-10.0
IKKIIKK,dual_activity,10.0,3.1512790880475468
IKKKIEA,dual_activity,-10.0,-10.0
IKKWLHS,dual_activity,10.0,3.058169683656065
IKLINNH,dual_activity,5.153975058605817,3.851718806188639
IKQLQAR,dual_activity,-3.918380890254314,-10.0
IKRKRQQ,dual_activity,3.8695216691371175,2.843156792685215
IKSIASK,dual_activity,10.0,4.0581696836560655
IKSMGKV,dual_activity,2.713402467219836,4.736241588768703
ILAVERY,dual_activity,-10.0,-10.0
ILCKIAR,dual_activity,10.0,4.736241588768703
ILGALAK,dual_activity,10.0,10.0
ILGHLIR,dual_activity,10.0,4.321204089489859
ILGKIIK,dual_activity,3.906047545162232,10.0
ILGKLLS,dual_activity,2.4910100458833875,4.195673207406
ILGKLWK,dual_activity,10.0,10.0
ILKHIIK,dual_activity,10.0,10.0
ILKYLAG,dual_activity,10.0,2.9586340101051505
ILKYLKD,dual_activity,10.0,10.0
ILPTAIC,dual_activity,4.075972546604544,2.543596510826307
ILPWKWP,dual_activity,3.9649412342158,3.9378754499383537
IMRTFLR,dual_activity,4.81293814077075,2.221668415938945
INWKKIF,dual_activity,10.0,10.0
INWLKLG,dual_activity,2.713402467219836,4.543596510826307
IPKFLHL,dual_activity,2.9060475451622314,3.195673207406
IQQEKNM,dual_activity,-10.0,-10.0
IRDTNKA,dual_activity,-10.0,-10.0
IRKRGRK,dual_activity,3.713402467219836,4.321204089489859
IRKVGRI,dual_activity,10.0,10.0
IRRPPIR,dual_activity,2.379978733494644,-10.0
IRTVVAG,dual_activity,10.0,2.736241588768703
ISALSKL,dual_activity,10.0,10.0
ISWIKRK,dual_activity,3.713402467219836,3.169200996044809
ITAAVAL,dual_activity,-10.0,-10.0
ITDLIKK,dual_activity,10.0,10.0
IVHVGKT,dual_activity,2.643013139328437,2.058169683656065
IVQQQNN,dual_activity,-3.737808644612493,-10.0
IVQRIKD,dual_activity,1.4585885681910102,1.598738065018768
IVVIRVA,dual_activity,-5.202476911615938,-10.0
IVVIRVR,dual_activity,-3.138346574196222,-4.194495748794184
IWKILRR,dual_activity,10.0,10.0
IWKKWIK,dual_activity,10.0,10.0
IWSKIKK,dual_activity,10.0,10.0
IWVIRWW,dual_activity,-10.0,-10.0
KAAAKAA,dual_activity,3.606487263303324,1.8517188061886387
KAALNAV,dual_activity,2.3654791637995287,2.321204089489859
KAFVGEI,dual_activity,1.9764368730536293,2.1512790880475468
KAGLGSL,dual_activity,3.4910100458833875,10.0
KAIHRLI,dual_activity,10.0,10.0
KAIKLIN,dual_activity,10.0,10.0
KALKKVF,dual_activity,10.0,10.0
KALVKTV,dual_activity,4.075972546604544,4.736241588768703
KARHGSC,dual_activity,-10.0,-10.0
KAVDFFK,dual_activity,10.0,10.0
KCICYFP,dual_activity,-10.0,-10.0
KCKISGG,dual_activity,10.0,10.0
KDFLRNL,dual_activity,1.9060475451622312,2.32120408948986
KDLLKGA,dual_activity,10.0,4.543596510826307
KDTLKKV,dual_activity,3.4910100458833875,3.321204089489859
KEAIRDT,dual_activity,-10.0,-10.0
KEIEAIK,dual_activity,-10.0,-10.0
KEKLKKI,dual_activity,1.6650394456584363,-10.0
KELRRYI,dual_activity,10.0,4.0581696836560655
KEQEAIK,dual_activity,-10.0,-10.0
KEVLKAL,dual_activity,10.0,10.0
KFLHLAK,dual_activity,3.227975640049594,2.736241588768703
KFLHSAK,dual_activity,2.462440893686616,1.4732071829349092
KFRNKIK,dual_activity,2.400812236911809,-3.0711133332889013
KFVKKIM,dual_activity,10.0,2.9586340101051505
KGAAKAL,dual_activity,4.075972546604544,4.736241588768703
KGAIAVA,dual_activity,10.0,10.0
KGAIKGA,dual_activity,4.075972546604544,3.736241588768703
KGALKLI,dual_activity,10.0,3.736241588768703
KGGHCGS,dual_activity,-10.0,-10.0
KGIAAHV,dual_activity,10.0,10.0
KGIAGMA,dual_activity,3.713402467219836,10.0
KGKCYTP,dual_activity,10.0,10.0
KGLFGNK,dual_activity,10.0,10.0
KGPLKLV,dual_activity,10.0,10.0
KGVKSIF,dual_activity,10.0,10.0
KGVLKTA,dual_activity,10.0,10.0
KIAAKVG,dual_activity,4.365479163799528,3.906166590211016
KIAGKIA,dual_activity,4.935794888556283,4.250814761598461
KIAKIAG,dual_activity,4.860243855549107,4.906166590211015
KIAKRIW,dual_activity,10.0,10.0
KIASIGK,dual_activity,3.4910100458833875,10.0
KIEAIEK,dual_activity,-10.0,-10.0
KIEEIEK,dual_activity,-10.0,-10.0
KIEEYTK,dual_activity,-2.4631862645034874,-10.0
KIFEKVK,dual_activity,3.4910100458833875,10.0
KIIKKII,dual_activity,10.0,2.321204089489859
KIIKVAK,dual_activity,10.0,10.0
KIIKVVK,dual_activity,4.606487263303324,10.0
KIKKLLK,dual_activity,10.0,4.321204089489859
KILGHLI,dual_activity,10.0,4.543596510826307
KILGKII,dual_activity,3.713402467219836,10.0
KILKYLA,dual_activity,10.0,3.1512790880475468
KILKYLK,dual_activity,10.0,3.473207182934909
KILRRRL,dual_activity,10.0,10.0
KIMRTFL,dual_activity,4.81293814077075,2.221668415938945
KIPKFLH,dual_activity,2.1284399664986795,2.025748205963688
KIWSKIK,dual_activity,10.0,10.0
KIWVIRW,dual_activity,-10.0,-10.0
KKEIEAI,dual_activity,-10.0,-10.0
KKEQEAI,dual_activity,-10.0,-10.0
KKFAKGG,dual_activity,10.0,3.058169683656065
KKFFKKF,dual_activity,10.0,10.0
KKFKRIV,dual_activity,10.0,10.0
KKFVKKI,dual_activity,10.0,2.543596510826307
KKIASIG,dual_activity,3.4910100458833875,10.0
KKIEAIE,dual_activity,-10.0,-10.0
KKIEEIE,dual_activity,-10.0,-10.0
KKIEEYT,dual_activity,-2.366970949244185,-10.0
KKIFEKV,dual_activity,10.0,10.0
KKIIKKI,dual_activity,10.0,2.629326384852191
KKILGKI,dual_activity,3.906047545162232,4.736241588768703
KKILKKL,dual_activity,10.0,3.058169683656065
KKILKYL,dual_activity,6.764028540289804,3.32120408948986
KKIMRTF,dual_activity,4.81293814077075,2.221668415938945
KKIPKFL,dual_activity,2.2845591684159614,2.250814761598461
KKIWSKI,dual_activity,10.0,10.0
KKKIEAI,dual_activity,-10.0,-10.0
KKKKAAF,dual_activity,4.365479163799528,3.1512790880475468
KKKKKAA,dual_activity,4.491010045883388,4.0581696836560655
KKKKKKA,dual_activity,4.906047545162231,3.851718806188639
KKKKVVA,dual_activity,-10.0,-10.0
KKKVVAA,dual_activity,-10.0,-10.0
KKLACRL,dual_activity,10.0,10.0
KKLCARL,dual_activity,10.0,10.0
KKLFKKI,dual_activity,4.869521669137117,2.9992759946024967
KKLGTMA,dual_activity,3.075972546604544,10.0
KKLLKKL,dual_activity,2.442100445402441,4.03580187062761
KKLLKLA,dual_activity,5.075972546604544,10.0
KKLLKLL,dual_activity,1.6430131393284375,2.5297907113012763
KKLLKWL,dual_activity,10.0,10.0
KKTVLHT,dual_activity,10.0,4.736241588768703
KKVFQGI,dual_activity,10.0,4.436681306909796
KKVLCGL,dual_activity,10.0,10.0
KKVLKAA,dual_activity,1.9060475451622312,3.473207182934909
KKVLKGA,dual_activity,4.075972546604544,3.736241588768703
KKVVAAT,dual_activity,-10.0,-10.0
KLACRLK,dual_activity,10.0,10.0
KLCARLK,dual_activity,10.0,10.0
KLFKKIL,dual_activity,5.780516663078372,2.9772496882724977
KLFKKIP,dual_activity,2.3654791637995287,2.1512790880475468
KLGKKIL,dual_activity,10.0,10.0
KLGTMAL,dual_activity,3.075972546604544,10.0
KLIGSCV,dual_activity,-10.0,-10.0
KLINNHV,dual_activity,4.227975640049594,3.543596510826307
KLKEAIR,dual_activity,-10.0,-10.0
KLKLKLK,dual_activity,1.0079271591814452,2.9877803557646674
KLLKKLL,dual_activity,2.0986926231046272,3.2350474457401446
KLLKKVL,dual_activity,10.0,4.321204089489859
KLLKLAG,dual_activity,10.0,10.0
KLLKLLK,dual_activity,1.9935103864125707,2.602975057905238
KLLKLLL,dual_activity,2.043551068912166,3.851718806188639
KLLKWLK,dual_activity,10.0,10.0
KLLKWLL,dual_activity,10.0,10.0
KLLLPKL,dual_activity,3.4910100458833875,4.321204089489859
KLLQLTV,dual_activity,-10.0,-10.0
KLWKGVK,dual_activity,10.0,10.0
KNLGKVG,dual_activity,4.227975640049594,3.906166590211016
KNMYELQ,dual_activity,-10.0,-10.0
KNVGGSL,dual_activity,3.713402467219836,10.0
KNVGKAA,dual_activity,2.713402467219836,4.736241588768703
KNWKGIA,dual_activity,3.4910100458833875,10.0
KPPYLPR,dual_activity,-3.0635788057942497,-3.991678865794496
KQARSDI,dual_activity,-10.0,-10.0
KQLQARI,dual_activity,-3.9352547088187104,-10.0
KQRCVTY,dual_activity,3.713402467219836,3.321204089489859
KRFKKFF,dual_activity,1.6430131393284375,1.5297907113012763
KRGRKAV,dual_activity,3.4910100458833875,4.0581696836560655
KRIVKRI,dual_activity,1.9060475451622312,2.1512790880475468
KRIVQRI,dual_activity,1.5064400864529934,1.693172866876817
KRIWKIL,dual_activity,10.0,10.0
KRLEKLF,dual_activity,3.993510386412571,3.473207182934909
KRLRKFR,dual_activity,2.69454343996852,-3.263758411231297
KRRGYKG,dual_activity,-10.0,-10.0
KSFLKTF,dual_activity,10.0,2.9378754499383537
KSMGKVF,dual_activity,2.713402467219836,4.736241588768703
KSYVRRW,dual_activity,10.0,10.0
KTALKGA,dual_activity,3.4910100458833875,4.0581696836560655
KTFKSAK,dual_activity,10.0,3.736241588768703
KTFKSLK,dual_activity,10.0,10.0
KTIHRLV,dual_activity,3.227975640049594,2.736241588768703
KVFKKIE,dual_activity,1.9060475451622312,1.8882446822137529
KVFKRLE,dual_activity,3.4910100458833875,2.736241588768703
KVFQGIH,dual_activity,10.0,4.436681306909796
KVGLGFV,dual_activity,10.0,5.321204089489859
KVGSNLL,dual_activity,3.906047545162232,4.543596510826307
KVLCGLS,dual_activity,10.0,10.0
KVLKAAA,dual_activity,1.9060475451622312,3.473207182934909
KVLKGAI,dual_activity,4.075972546604544,3.736241588768703
KWCFRVC,dual_activity,5.606487263303324,2.629326384852191
KWKLFKK,dual_activity,2.439479745243305,1.7362415887687028
KWKSFLK,dual_activity,10.0,2.9992759946024967
KWKVFKK,dual_activity,3.606487263303324,3.195673207406
KWLHSAK,dual_activity,10.0,4.0581696836560655
KWLKKLL,dual_activity,10.0,4.321204089489859
KWLKKWL,dual_activity,10.0,4.0581696836560655
KWMSLLK,dual_activity,10.0,10.0
KWPWWPW,dual_activity,3.408547885691415,2.851718806188639
KWYKKWY,dual_activity,10.0,10.0
KYLAGPA,dual_activity,10.0,2.9586340101051505
KYLKDEL,dual_activity,10.0,10.0
KYYGNGV,dual_activity,-3.048148765224644,-10.0
LAANFLP,dual_activity,2.7805166630783726,5.0581696836560655
LACRLKK,dual_activity,10.0,10.0
LAGPAKK,dual_activity,10.0,10.0
LAKGALK,dual_activity,10.0,3.736241588768703
LAKGLPT,dual_activity,10.0,10.0
LARIVVI,dual_activity,-5.116320267866223,-10.0
LAVERYL,dual_activity,-10.0,-10.0
LCARLKK,dual_activity,10.0,10.0
LCKIARK,dual_activity,10.0,4.736241588768703
LCLVFKK,dual_activity,10.0,3.058169683656065
LCYKQRC,dual_activity,3.4910100458833875,4.321204089489859
LEKARHG,dual_activity,-10.0,-10.0
LEKLFSK,dual_activity,3.713402467219836,3.1512790880475468
LEQAQIQ,dual_activity,-10.0,-10.0
LFKAGAK,dual_activity,3.906047545162232,2.736241588768703
LFKKILK,dual_activity,6.381780976128629,2.9772496882724977
LFKLIPK,dual_activity,10.0,10.0
LFKVASK,dual_activity,2.227975640049594,2.250814761598461
LFSAGKA,dual_activity,10.0,10.0
LFSLIPS,dual_activity,3.713402467219836,10.0
LFSSFSK,dual_activity,10.0,10.0
LGALAKG,dual_activity,10.0,10.0
LGFVACK,dual_activity,10.0,5.0581696836560655
LGGGGLG,dual_activity,-10.0,-10.0
LGKIIKV,dual_activity,4.365479163799528,10.0
LGKKILG,dual_activity,10.0,10.0
LGKLLST,dual_activity,4.365479163799528,10.0
LGKLWKG,dual_activity,10.0,10.0
LGKVGLG,dual_activity,4.491010045883388,4.195673207406
LGPLLKI,dual_activity,3.906047545162232,3.321204089489859
LGSLVKG,dual_activity,3.4910100458833875,10.0
LGTLVNL,dual_activity,3.906047545162232,4.906166590211015
LGVGKKV,dual_activity,3.713402467219836,4.543596510826307
LHLAKKF,dual_activity,3.2279756400495936,2.643132184377221
LHSAKKF,dual_activity,2.0936745483380026,1.7928251171350704
LHTALKA,dual_activity,10.0,2.736241588768703
LIEESQN,dual_activity,-2.553384073475066,-3.511685924674883
LIGSCVW,dual_activity,-10.0,-10.0
LIHARFV,dual_activity,-10.0,-10.0
LIHRRRH,dual_activity,10.0,4.321204089489859
LIKGAIH,dual_activity,3.4910100458833875,3.058169683656065
LIKKAVD,dual_activity,10.0,10.0
LINNHVQ,dual_activity,4.153975058605817,3.436681306909795
LIRRRRR,dual_activity,4.491010045883388,5.321204089489859
LISWIKR,dual_activity,3.584119450274869,3.6837741688745673
LKAAAKA,dual_activity,3.606487263303324,4.195673207406
LKALKKV,dual_activity,10.0,10.0
LKEAIRD,dual_activity,-10.0,-10.0
LKFKKLQ,dual_activity,10.0,10.0
LKGAAKA,dual_activity,2.9060475451622314,3.610710706684844
LKGAIKG,dual_activity,4.075972546604544,3.736241588768703
LKIAAKV,dual_activity,4.365479163799528,3.906166590211016
LKKLACR,dual_activity,10.0,10.0
LKKLCAR,dual_activity,10.0,10.0
LKKLFKK,dual_activity,4.906047545162231,2.584238495323653
LKKLGTM,dual_activity,3.075972546604544,10.0
LKKLLKK,dual_activity,3.446615926524934,3.835777262319618
LKKLLKL,dual_activity,2.2279756400495936,3.2280946850983776
LKKLLKW,dual_activity,10.0,10.0
LKKPLKL,dual_activity,3.4910100458833875,3.058169683656065
LKKVAKG,dual_activity,10.0,4.0581696836560655
LKKVFQG,dual_activity,10.0,3.851718806188639
LKKVLKG,dual_activity,4.075972546604544,3.736241588768703
LKLKLKL,dual_activity,1.072057496601161,2.9992759946024967
LKLLKKL,dual_activity,1.3019762214933706,2.210172777101115
LKLLKKV,dual_activity,10.0,3.321204089489859
LKLLLPK,dual_activity,3.4910100458833875,4.321204089489859
LKNLGKV,dual_activity,3.2279756400495936,3.321204089489859
LKNVGKA,dual_activity,2.9060475451622314,4.906166590211015
LKTFKSA,dual_activity,10.0,3.114753212022433
LKTFKSL,dual_activity,10.0,10.0
LKVKLYP,dual_activity,4.491010045883388,10.0
LKWLKKL,dual_activity,10.0,3.058169683656065
LKYLAGP,dual_activity,10.0,2.9586340101051505
LKYLKDE,dual_activity,10.0,10.0
LLAGLAA,dual_activity,2.9060475451622314,10.0
LLGPLLK,dual_activity,3.4910100458833875,4.321204089489859
LLKGAAK,dual_activity,4.075972546604544,4.736241588768703
LLKHILK,dual_activity,10.0,10.0
LLKIAAK,dual_activity,4.365479163799528,3.906166590211016
LLKKLLK,dual_activity,2.417946583693664,3.321204089489859
LLKLLKK,dual_activity,1.3421466599689047,1.8806314981038776
LLKLLLP,dual_activity,3.4910100458833875,4.321204089489859
LLKNVGK,dual_activity,3.4910100458833875,4.321204089489859
LLKWLKK,dual_activity,10.0,4.736241588768703
LLKWLLK,dual_activity,3.2279756400495936,10.0
LLLLFFL,dual_activity,-10.0,2.1512790880475468
LLLPKLK,dual_activity,3.4910100458833875,4.321204089489859
LLQLTVW,dual_activity,-3.951933449965341,-10.0
LLRAIEA,dual_activity,-4.585805551167443,-10.0
LLSLLGK,dual_activity,3.4910100458833875,10.0
LNALKKV,dual_activity,4.6609350473257,2.65377942857673
LNAVTDM,dual_activity,3.4910100458833875,3.058169683656065
LNLKALL,dual_activity,10.0,3.321204089489859
LNPPRST,dual_activity,10.0,10.0
LPALISW,dual_activity,3.021524762582167,3.9378754499383537
LPFRRPP,dual_activity,10.0,10.0
LPKLAPR,dual_activity,2.400812236911809,-3.0711133332889013
LPLLAGL,dual_activity,2.713402467219836,10.0
LPQILCK,dual_activity,10.0,10.0
LPRPRPP,dual_activity,-2.326613211628044,-10.0
LPTCGET,dual_activity,2.713402467219836,4.543596510826307
LPVCGET,dual_activity,1.2430825324398018,2.380097778543428
LPWKWPW,dual_activity,2.993510386412571,3.4143134938813406
LQARILA,dual_activity,-10.0,-10.0
LQLTVWG,dual_activity,-3.638272971061579,-10.0
LRAIEAQ,dual_activity,-4.617514410894781,-10.0
LRAWKKY,dual_activity,2.9060475451622314,3.321204089489859
LRDIWDW,dual_activity,1.9060475451622312,2.058169683656065
LRKFRNK,dual_activity,2.69454343996852,-3.3081525305897506
LRKIRRF,dual_activity,3.4910100458833875,4.0581696836560655
LRKRLRK,dual_activity,2.606487263303324,-3.3512212524816367
LRREIRK,dual_activity,2.713402467219836,4.321204089489859
LRRLRRR,dual_activity,10.0,10.0
LRRRLRR,dual_activity,3.4910100458833875,10.0
LRRYIRK,dual_activity,10.0,4.0581696836560655
LSLLGKL,dual_activity,3.713402467219836,10.0
LSLLLSL,dual_activity,10.0,10.0
LSVLKNL,dual_activity,4.227975640049594,5.0581696836560655
LTTGLPA,dual_activity,1.429609501219244,1.6582390767674298
LTVWGIK,dual_activity,-3.6175144108947817,-10.0
LVEAKQA,dual_activity,-10.0,-10.0
LVIRTVI,dual_activity,10.0,3.058169683656065
LVKGIAA,dual_activity,10.0,10.0
LVNLAKK,dual_activity,1.9060475451622312,5.6431321843772215
LVRYRRC,dual_activity,10.0,6.321204089489859
LWKGVKS,dual_activity,10.0,10.0
LYRAIKK,dual_activity,10.0,3.1512790880475468
MAKKLLG,dual_activity,3.4910100458833875,10.0
MGKVFAG,dual_activity,2.713402467219836,4.736241588768703
MLKKLGT,dual_activity,2.2279756400495936,4.195673207406
MLSVLKN,dual_activity,4.227975640049594,5.0581696836560655
MQFITDL,dual_activity,10.0,10.0
MRTFLRR,dual_activity,4.81293814077075,2.221668415938945
MSLLKHI,dual_activity,10.0,10.0
MWSKILG,dual_activity,10.0,4.321204089489859
NACKNQC,dual_activity,-10.0,-10.0
NALKKVF,dual_activity,10.0,3.32120408948986
NAVTDMV,dual_activity,3.4910100458833875,3.058169683656065
NFLPQIL,dual_activity,3.906047545162232,10.0
NIINSIF,dual_activity,10.0,3.058169683656065
NLAKKIL,dual_activity,1.9060475451622312,10.0
NLGKVGL,dual_activity,4.365479163799528,4.0581696836560655
NLKKVLK,dual_activity,10.0,10.0
NLLRAIE,dual_activity,-4.585805551167443,-10.0
NLYRAIK,dual_activity,10.0,3.1512790880475468
NMYELQK,dual_activity,-10.0,-10.0
NNACKNQ,dual_activity,-10.0,-10.0
NNLLRAI,dual_activity,-4.617514410894781,-10.0
NNNACKN,dual_activity,-10.0,-10.0
NPPRSTI,dual_activity,10.0,10.0
NRIAKEL,dual_activity,10.0,4.0581696836560655
NVGGSLL,dual_activity,3.713402467219836,10.0
NVGKAAG,dual_activity,2.713402467219836,4.736241588768703
NWGAILK,dual_activity,10.0,10.0
NWKGIAG,dual_activity,3.4910100458833875,10.0
NWKKIAS,dual_activity,10.0,10.0
NWLKLGK,dual_activity,2.9060475451622314,4.906166590211015
NYVFPAH,dual_activity,-10.0,-10.0
PAHKCIC,dual_activity,-10.0,-10.0
PAKKLFK,dual_activity,10.0,10.0
PALISWI,dual_activity,2.9060475451622314,3.058169683656065
PFRRPPI,dual_activity,10.0,10.0
PIRPPFY,dual_activity,2.606487263303324,-10.0
PIRRPPI,dual_activity,2.379978733494644,-10.0
PKFLHLA,dual_activity,2.4910100458833875,2.221668415938945
PLKVKLY,dual_activity,3.906047545162232,10.0
PLLKIAA,dual_activity,3.906047545162232,3.321204089489859
PLVIRTV,dual_activity,10.0,3.058169683656065
PPIRPPF,dual_activity,1.3466201365482129,-10.0
PPPPPPP,dual_activity,-10.0,-10.0
PPRRIYN,dual_activity,-5.283777013717786,-10.0
PPRSTIA,dual_activity,10.0,10.0
PPYLPRP,dual_activity,-2.032551910173625,-4.018645913394765
PQILCKI,dual_activity,10.0,4.736241588768703
PRPPRRI,dual_activity,-4.708662298952977,-10.0
PRPRPPR,dual_activity,-3.181415296088108,-10.0
PRRIYNR,dual_activity,-4.303405820466718,-10.0
PRSTIAM,dual_activity,10.0,10.0
PSGTWSG,dual_activity,-2.951933449965341,-10.0
PTCGETC,dual_activity,2.9060475451622314,4.736241588768703
PVCGETC,dual_activity,1.2430825324398018,2.380097778543428
PWKWPWW,dual_activity,2.9060475451622314,3.195673207406
PWWPWRR,dual_activity,4.429609501219244,2.643132184377221
PYLPRPR,dual_activity,-1.8715600335013207,-3.991678865794496
QAQIQQE,dual_activity,-10.0,-10.0
QARILAV,dual_activity,-10.0,-10.0
QARSDIE,dual_activity,-10.0,-10.0
QEKNMYE,dual_activity,-10.0,-10.0
QFITDLI,dual_activity,10.0,10.0
QGIHEAI,dual_activity,10.0,3.851718806188639
QGLLPKL,dual_activity,2.2752813548279502,-3.0711133332889013
QHLLQLT,dual_activity,-3.553384073475066,-10.0
QILCKIA,dual_activity,10.0,4.736241588768703
QIQQEKN,dual_activity,-10.0,-10.0
QITAAVA,dual_activity,-10.0,-10.0
QLQARIL,dual_activity,-3.9352547088187104,-10.0
QLTVWGI,dual_activity,-3.6175144108947817,-10.0
QNNLLRA,dual_activity,-3.951933449965341,-10.0
QQEKNMY,dual_activity,-10.0,-10.0
QQHLLQL,dual_activity,-3.520217209539867,-10.0
QQNNLLR,dual_activity,-3.951933449965341,-10.0
QQQNNLL,dual_activity,-3.951933449965341,-10.0
QRCVTYC,dual_activity,4.227975640049594,3.906166590211016
QRIKDFL,dual_activity,1.6836551238257833,1.958634010105151
RAAVVLI,dual_activity,-10.0,-10.0
RAIEAQQ,dual_activity,-3.553384073475066,-10.0
RAWKKYG,dual_activity,2.9060475451622314,3.321204089489859
RCRRRFC,dual_activity,10.0,4.543596510826307
RCVTYCR,dual_activity,4.227975640049594,3.906166590211016
RDTNKAV,dual_activity,-10.0,-10.0
REIRKRG,dual_activity,3.713402467219836,4.321204089489859
RFARRFA,dual_activity,10.0,10.0
RFGRFLR,dual_activity,3.4910100458833875,4.0581696836560655
RFLRKIR,dual_activity,3.4910100458833875,4.0581696836560655
RFRLPFR,dual_activity,10.0,10.0
RFVMTAA,dual_activity,-10.0,-10.0
RGICYRR,dual_activity,5.606487263303324,3.321204089489859
RGIVHVG,dual_activity,3.7805166630783726,2.473207182934909
RGLRRLG,dual_activity,4.81293814077075,2.321204089489859
RGRKAVI,dual_activity,3.4910100458833875,4.0581696836560655
RGVLVRY,dual_activity,5.429609501219244,6.128559011547464
RGYKGGH,dual_activity,-10.0,-10.0
RHGSCNY,dual_activity,-10.0,-10.0
RIAKELR,dual_activity,10.0,4.0581696836560655
RIHPPPF,dual_activity,10.0,10.0
RIKDFLR,dual_activity,1.6974609233508138,1.9226547129995843
RIKKFLR,dual_activity,2.4910100458833875,2.9586340101051505
RILAVER,dual_activity,-10.0,-10.0
RILMRIR,dual_activity,10.0,10.0
RIVQRIK,dual_activity,1.3852153818607909,1.6487787475183633
RIVVIRV,dual_activity,-2.4487951721978662,-3.241038334731213
RIWKILR,dual_activity,10.0,10.0
RKAVIAW,dual_activity,5.153975058605817,2.610710706684844
RKFRNKI,dual_activity,2.400812236911809,-3.0711133332889013
RKIRRFR,dual_activity,3.4910100458833875,4.0581696836560655
RKRGRKA,dual_activity,3.4910100458833875,4.0581696836560655
RKRLRKF,dual_activity,2.7320181453871824,-3.263758411231297
RLARIVV,dual_activity,-5.181415296088108,-10.0
RLEKLFS,dual_activity,3.906047545162232,3.321204089489859
RLGRKIA,dual_activity,4.491010045883388,2.221668415938945
RLIRRRR,dual_activity,4.491010045883388,5.321204089489859
RLKKLAC,dual_activity,10.0,10.0
RLKKLCA,dual_activity,10.0,10.0
RLPFRRP,dual_activity,10.0,10.0
RLRKFRN,dual_activity,2.69454343996852,-3.263758411231297
RLRRLRR,dual_activity,10.0,10.0
RLRRRLR,dual_activity,3.4910100458833875,10.0
RNKIKEK,dual_activity,2.1690819509960253,-10.0
RPGRVRV,dual_activity,10.0,10.0
RPPIRPP,dual_activity,1.7991323412457192,-10.0
RPPRRIY,dual_activity,-5.202476911615938,-10.0
RPRPPRR,dual_activity,-4.737808644612493,-10.0
RPSGTWS,dual_activity,-10.0,-10.0
RRAAVVL,dual_activity,-10.0,-10.0
RREIRKR,dual_activity,3.713402467219836,4.321204089489859
RRFARRF,dual_activity,10.0,10.0
RRFPWWW,dual_activity,10.0,3.058169683656065
RRGYKGG,dual_activity,-10.0,-10.0
RRLRRLR,dual_activity,10.0,10.0
RRLRRRL,dual_activity,10.0,10.0
RRLRRRW,dual_activity,10.0,10.0
RRPPIRI,dual_activity,10.0,10.0
RRPPIRP,dual_activity,2.0904721162996585,-10.0
RRRLRRL,dual_activity,10.0,10.0
RRRRRRR,dual_activity,-2.415880549725131,-2.8657944253113947
RRWRIVV,dual_activity,-4.181415296088108,-4.194495748794184
RRYIRKV,dual_activity,10.0,4.0581696836560655
RSDIEKL,dual_activity,-10.0,-10.0
RSTIAMR,dual_activity,10.0,10.0
RTFLRRI,dual_activity,4.491010045883388,2.543596510826307
RVCYRGI,dual_activity,4.549903734936956,3.50177633513168
RVRGVLV,dual_activity,5.153975058605817,5.823704430019042
RVRPGRV,dual_activity,10.0,10.0
RVRVRVR,dual_activity,10.0,10.0
RWCFRVC,dual_activity,2.9060475451622314,4.543596510826307
RWCVYAY,dual_activity,10.0,10.0
RWRIVVI,dual_activity,-4.116320267866223,-4.329847601689069
RWRWWWR,dual_activity,10.0,10.0
RWWKIWV,dual_activity,-10.0,-10.0
RWWWRWR,dual_activity,10.0,10.0
RWYRRWY,dual_activity,10.0,10.0
RYIRKVG,dual_activity,10.0,10.0
SAGKAIH,dual_activity,10.0,10.0
SAKKFGK,dual_activity,1.7685440214122965,1.835777262319617
SCKLAKT,dual_activity,4.227975640049594,2.9586340101051505
SCNYVFP,dual_activity,-10.0,-10.0
SCVFIPC,dual_activity,1.3914743723324732,1.7362415887687028
SCVWGAV,dual_activity,-10.0,-10.0
SDIEKLK,dual_activity,-10.0,-10.0
SFANVNC,dual_activity,-10.0,-10.0
SFFKKAA,dual_activity,2.4910100458833875,3.195673207406
SFLKTFK,dual_activity,10.0,3.128559011547463
SGIVQQQ,dual_activity,-3.553384073475066,-10.0
SGTWSGV,dual_activity,-3.3418799682813543,-10.0
SGVCGNN,dual_activity,-10.0,-10.0
SIGKEVL,dual_activity,10.0,10.0
SKIKKLL,dual_activity,10.0,4.543596510826307
SKILGHL,dual_activity,10.0,4.0581696836560655
SLFKAGA,dual_activity,3.906047545162232,2.736241588768703
SLFSSFS,dual_activity,10.0,10.0
SLIEESQ,dual_activity,-2.3793546737000173,-3.473211776860247
SLLGKLL,dual_activity,3.713402467219836,4.906166590211015
SLLKHIL,dual_activity,10.0,10.0
SLNPPRS,dual_activity,10.0,10.0
SLVKGIA,dual_activity,10.0,10.0
SMGKVFA,dual_activity,2.713402467219836,4.736241588768703
SMLSVLK,dual_activity,4.365479163799528,5.195673207406
SQNQQEK,dual_activity,-2.708662298952977,-3.690023165933395
SSFSKKD,dual_activity,10.0,10.0
STIAMRA,dual_activity,10.0,10.0
SVLKNLG,dual_activity,3.906047545162232,3.543596510826307
SWIKRKR,dual_activity,3.793572815903819,3.0841648921890097
TAAVALV,dual_activity,-10.0,-10.0
TALKAIS,dual_activity,10.0,2.9586340101051505
TALKPIS,dual_activity,3.4910100458833875,10.0
TDLIKKA,dual_activity,10.0,10.0
TFKSAKK,dual_activity,10.0,3.736241588768703
TFKSLKK,dual_activity,10.0,10.0
TFLSKWI,dual_activity,10.0,4.0581696836560655
TGLPALI,dual_activity,2.2279756400495936,2.3992066014911324
TIHRLVT,dual_activity,3.2752813548279502,2.610710706684844
TIKSIAS,dual_activity,10.0,10.0
TIKSMGK,dual_activity,2.713402467219836,4.736241588768703
TKKIEEL,dual_activity,-2.6789149555589247,-10.0
TLKKVAK,dual_activity,10.0,4.321204089489859
TMLKKLG,dual_activity,2.3654791637995287,4.321204089489859
TNKAVQS,dual_activity,-10.0,-10.0
TNRIAKE,dual_activity,10.0,4.0581696836560655
TTGLPAL,dual_activity,1.6064872633033234,1.814244100769976
TVLHTAL,dual_activity,10.0,2.1512790880475468
TVLRIIR,dual_activity,10.0,2.1512790880475468
TVWGIKQ,dual_activity,-3.531357767145067,-10.0
TWEAWDR,dual_activity,-10.0,-10.0
TWSGVCG,dual_activity,-3.3793546737000173,-10.0
VACKINK,dual_activity,4.365479163799528,5.195673207406
VAKKIGK,dual_activity,10.0,4.736241588768703
VALVEAK,dual_activity,-10.0,-10.0
VCGNNNA,dual_activity,-10.0,-10.0
VCYRGIC,dual_activity,4.764028540289804,3.806630916660101
VDFFKGL,dual_activity,10.0,10.0
VDILKGA,dual_activity,3.4910100458833875,2.1512790880475468
VDKPPYL,dual_activity,-3.3793546737000173,-3.58568650611866
VEAKQAR,dual_activity,-10.0,-10.0
VERYLKD,dual_activity,-10.0,-10.0
VFKKIEK,dual_activity,1.7991323412457192,1.8882446822137529
VFKRLEK,dual_activity,3.4910100458833875,2.736241588768703
VFPAHKC,dual_activity,-10.0,-10.0
VFQGIHE,dual_activity,10.0,5.195673207406
VGALAVV,dual_activity,2.713402467219836,4.321204089489859
VGEIMNS,dual_activity,2.9060475451622314,2.6622410073249263
VGKAAGK,dual_activity,2.9060475451622314,4.736241588768703
VGKKVLC,dual_activity,3.4910100458833875,4.321204089489859
VGKTIHR,dual_activity,3.107681406331882,1.9586340101051507
VGLGFVA,dual_activity,10.0,5.321204089489859
VHVGKTI,dual_activity,2.643013139328437,2.058169683656065
VIRTVIA,dual_activity,10.0,3.058169683656065
VKGIAAH,dual_activity,10.0,10.0
VKKIMNS,dual_activity,10.0,2.9586340101051505
VLCGLSG,dual_activity,10.0,10.0
VLHTALK,dual_activity,10.0,2.736241588768703
VLIVIRR,dual_activity,-10.0,-10.0
VLKAAAK,dual_activity,3.2279756400495936,5.0581696836560655
VLKGAIK,dual_activity,4.075972546604544,3.736241588768703
VLKNLGK,dual_activity,4.227975640049594,3.906166590211016
VLKTAGK,dual_activity,3.713402467219836,10.0
VLTTGLP,dual_activity,1.321085044441075,1.555669343126882
VLVGANA,dual_activity,2.7805166630783726,4.195673207406
VLVRYRR,dual_activity,5.491010045883388,6.195673207406
VNWKKIL,dual_activity,4.227975640049594,10.0
VNWKKVL,dual_activity,10.0,10.0
VQQQNNL,dual_activity,-3.737808644612493,-10.0
VQRIKDF,dual_activity,1.3441686575541163,1.7362415887687028
VRGVLVR,dual_activity,5.153975058605817,5.823704430019042
VRPGRVR,dual_activity,10.0,10.0
VRRFPWW,dual_activity,10.0,3.321204089489859
VRRWRSR,dual_activity,3.4910100458833875,3.058169683656065
VRVRGVL,dual_activity,5.153975058605817,5.823704430019042
VRVRPGR,dual_activity,10.0,10.0
VRVRVRV,dual_activity,10.0,10.0
VRYRRCW,dual_activity,10.0,6.491129090932171
VTDMVNQ,dual_activity,2.9060475451622314,3.736241588768703
VTYCRGR,dual_activity,3.906047545162232,3.1512790880475468
VVAATYV,dual_activity,-10.0,-10.0
VVDILKG,dual_activity,3.4910100458833875,2.266756305467483
VVIRVAR,dual_activity,-5.181415296088108,-10.0
VVIRVRR,dual_activity,-3.138346574196222,-4.194495748794184
VVLIVIR,dual_activity,-10.0,-10.0
VWGAVNY,dual_activity,-10.0,-10.0
VWGIKQL,dual_activity,-3.531357767145067,-10.0
VWPLVIR,dual_activity,10.0,3.058169683656065
VYAYVRV,dual_activity,5.227975640049594,10.0
VYPLKVK,dual_activity,2.713402467219836,10.0
WCFRVCY,dual_activity,4.275281354827951,3.473207182934909
WCVYAYV,dual_activity,10.0,5.906166590211015
WEAWDRA,dual_activity,-10.0,-10.0
WFSKFLG,dual_activity,3.4910100458833875,4.0581696836560655
WGAILKH,dual_activity,10.0,10.0
WGALAKG,dual_activity,10.0,4.736241588768703
WGAVNYT,dual_activity,-10.0,-10.0
WGIKQLQ,dual_activity,-3.553384073475066,-10.0
WIKRKRQ,dual_activity,3.713402467219836,2.9772496882724977
WKGIAGM,dual_activity,3.4910100458833875,10.0
WKGVKSI,dual_activity,10.0,10.0
WKILRRR,dual_activity,10.0,10.0
WKIWVIR,dual_activity,-10.0,-10.0
WKKIASI,dual_activity,10.0,10.0
WKKIFEK,dual_activity,10.0,10.0
WKKILGK,dual_activity,4.365479163799528,10.0
WKKWIKK,dual_activity,10.0,10.0
WKLFKKI,dual_activity,2.1745363810881333,2.1383400323400483
WKSFLKT,dual_activity,10.0,2.9992759946024967
WKVFKKI,dual_activity,1.9060475451622312,1.8882446822137529
WKWPWWP,dual_activity,2.9060475451622314,3.736241588768703
WLHSAKK,dual_activity,10.0,4.0581696836560655
WLKKLLK,dual_activity,10.0,10.0
WLKLGKK,dual_activity,3.4910100458833875,4.321204089489859
WLRDIWD,dual_activity,2.2279756400495936,2.250814761598461
WMSLLKH,dual_activity,10.0,10.0
WPLVIRT,dual_activity,10.0,3.058169683656065
WPWWPWR,dual_activity,4.227975640049594,2.851718806188639
WRIVVIR,dual_activity,-2.7943921729788608,-3.263758411231297
WRRRLRR,dual_activity,10.0,10.0
WRWWWRW,dual_activity,3.993510386412571,10.0
WSGVCGN,dual_activity,-3.3793546737000173,-10.0
WSKILGH,dual_activity,10.0,4.0581696836560655
WVIRWWR,dual_activity,-10.0,-10.0
WWKIWVI,dual_activity,-10.0,-10.0
WWPFLRR,dual_activity,10.0,3.906166590211016
WYKKWYK,dual_activity,10.0,10.0
YAARIEA,dual_activity,-10.0,-10.0
YAYVRVR,dual_activity,5.365479163799528,10.0
YIRKVGR,dual_activity,10.0,10.0
YKGGHCG,dual_activity,-10.0,-10.0
YKLLKLL,dual_activity,10.0,10.0
YKQRCVT,dual_activity,3.713402467219836,3.321204089489859
YLAGPAK,dual_activity,10.0,3.473207182934909
YLPRPRP,dual_activity,-1.866541958734696,-3.991678865794496
YLRREIR,dual_activity,2.713402467219836,4.321204089489859
YNLYRAI,dual_activity,10.0,3.058169683656065
YPLKVKL,dual_activity,2.9060475451622314,10.0
YRAIKKK,dual_activity,10.0,2.9586340101051505
YRGICYR,dual_activity,4.606487263303324,3.906166590211016
YTKKIEE,dual_activity,-2.5089899541166125,-10.0
YTPGCSC,dual_activity,2.9060475451622314,3.321204089489859
YVFPAHK,dual_activity,-10.0,-10.0
YVRVRGV,dual_activity,5.365479163799528,10.0
AAALPHV,hemolytic_associated,0.0,4.0581696836560655
AAKAAGK,hemolytic_associated,0.0,2.736241588768703
AALPHVI,hemolytic_associated,0.0,4.0581696836560655
AANVAAT,hemolytic_associated,0.0,-10.0
ACRLYNT,hemolytic_associated,0.0,3.321204089489859
ADDKNPL,hemolytic_associated,0.0,10.0
ADDRNPL,hemolytic_associated,0.0,3.058169683656065
AFIRKSD,hemolytic_associated,0.0,-10.0
AFLKKSL,hemolytic_associated,0.0,10.0
AGGIASL,hemolytic_associated,0.0,4.0581696836560655
AGKAALG,hemolytic_associated,0.0,1.5297907113012763
AGKAVLN,hemolytic_associated,0.0,3.058169683656065
AGKGALQ,hemolytic_associated,0.0,4.321204089489859
AGKHIFK,hemolytic_associated,0.0,10.0
AGLGSLV,hemolytic_associated,0.0,10.0
AGLLSNL,hemolytic_associated,0.0,4.0581696836560655
AIAAALP,hemolytic_associated,0.0,4.0581696836560655
AIGCSCK,hemolytic_associated,0.0,1.9061665902110152
AISALSK,hemolytic_associated,0.0,4.0581696836560655
AISYAVK,hemolytic_associated,0.0,3.321204089489859
AIWSGIK,hemolytic_associated,0.0,4.321204089489859
AKCKISG,hemolytic_associated,0.0,10.0
AKGLAEH,hemolytic_associated,0.0,2.9061665902110154
AKGVAKD,hemolytic_associated,0.0,10.0
AKIVEIV,hemolytic_associated,0.0,10.0
AKKLLGK,hemolytic_associated,0.0,10.0
AKKVAKT,hemolytic_associated,0.0,3.058169683656065
AKQAAKQ,hemolytic_associated,0.0,3.058169683656065
AKQGAKY,hemolytic_associated,0.0,3.058169683656065
AKTAGKG,hemolytic_associated,0.0,4.543596510826307
ALAALPK,hemolytic_associated,0.0,10.0
ALAKGLP,hemolytic_associated,0.0,3.058169683656065
ALALALA,hemolytic_associated,0.0,-10.0
ALGGLIK,hemolytic_associated,0.0,2.9586340101051505
ALGGLLK,hemolytic_associated,0.0,4.195673207406
ALHAGKA,hemolytic_associated,0.0,3.321204089489859
ALKALGK,hemolytic_associated,0.0,10.0
ALKELAS,hemolytic_associated,0.0,4.543596510826307
ALKGALK,hemolytic_associated,0.0,10.0
ALNAVLV,hemolytic_associated,0.0,2.9586340101051505
ALPIAKA,hemolytic_associated,0.0,10.0
ALPVAKK,hemolytic_associated,0.0,10.0
ALWMTLL,hemolytic_associated,0.0,10.0
AQQAANV,hemolytic_associated,0.0,-10.0
ASCKLSG,hemolytic_associated,0.0,3.736241588768703
ASDLDKN,hemolytic_associated,0.0,10.0
ASISQVN,hemolytic_associated,0.0,-10.0
ASLWNWF,hemolytic_associated,0.0,-4.217954721618172
ATATLGT,hemolytic_associated,0.0,10.0
ATLGTVG,hemolytic_associated,0.0,10.0
AVKKARG,hemolytic_associated,0.0,3.321204089489859
AVLLALL,hemolytic_associated,0.0,-10.0
CAKGVLA,hemolytic_associated,0.0,2.221668415938945
CEEERNA,hemolytic_associated,0.0,4.0581696836560655
CGESCVW,hemolytic_associated,0.0,1.431387007240282
CGETCTL,hemolytic_associated,0.0,3.543596510826307
CGETCVG,hemolytic_associated,0.0,2.288782611797481
CKITRKC,hemolytic_associated,0.0,10.0
CKLSGQC,hemolytic_associated,0.0,3.736241588768703
CKSKVCY,hemolytic_associated,0.0,1.999275994602497
CNTPGCS,hemolytic_associated,0.0,1.873745112518638
CNTPGCT,hemolytic_associated,0.0,2.058169683656065
CRLYNTC,hemolytic_associated,0.0,3.321204089489859
CRRLCYK,hemolytic_associated,0.0,4.0581696836560655
CRRRFCV,hemolytic_associated,0.0,4.736241588768703
CSCKSKV,hemolytic_associated,0.0,2.183700565739924
CSCSWPV,hemolytic_associated,0.0,2.543596510826307
CSWPVCT,hemolytic_associated,0.0,1.958634010105151
CTCSWPV,hemolytic_associated,0.0,1.7362415887687028
CVFIPCI,hemolytic_associated,0.0,1.999275994602497
CVGGTCN,hemolytic_associated,0.0,2.259803544825716
CVWIPCI,hemolytic_associated,0.0,2.058169683656065
CWTKSYP,hemolytic_associated,0.0,3.321204089489859
CYCRRRF,hemolytic_associated,0.0,4.780635708127156
CYRNGIP,hemolytic_associated,0.0,3.1512790880475468
DASISQV,hemolytic_associated,0.0,-10.0
DDKNPLE,hemolytic_associated,0.0,10.0
DDRNPLE,hemolytic_associated,0.0,3.058169683656065
DKFGKIV,hemolytic_associated,0.0,10.0
DKNPLEE,hemolytic_associated,0.0,10.0
DKWASLW,hemolytic_associated,0.0,-10.0
DQAKCKI,hemolytic_associated,0.0,10.0
DTLKNLA,hemolytic_associated,0.0,3.543596510826307
DYEEFLE,hemolytic_associated,0.0,2.4143134938813406
EEFLEIA,hemolytic_associated,0.0,2.584238495323653
EFLEIAR,hemolytic_associated,0.0,3.058169683656065
EHLACKA,hemolytic_associated,0.0,3.058169683656065
EIAKNGL,hemolytic_associated,0.0,3.1512790880475468
EIVKGLI,hemolytic_associated,0.0,10.0
EKINQSL,hemolytic_associated,0.0,-10.0
EKNEQEL,hemolytic_associated,0.0,-4.071113333288901
ELASTYV,hemolytic_associated,0.0,4.0581696836560655
ELDKWAS,hemolytic_associated,0.0,-10.0
ELERAGQ,hemolytic_associated,0.0,3.058169683656065
ELLELDK,hemolytic_associated,0.0,-10.0
EQELLEL,hemolytic_associated,0.0,-3.8784682553465055
ESCVWIP,hemolytic_associated,0.0,1.4407857052425317
ETCTLGT,hemolytic_associated,0.0,3.058169683656065
ETCVGGT,hemolytic_associated,0.0,2.195673207406
FCKITKK,hemolytic_associated,0.0,4.543596510826307
FCKITRK,hemolytic_associated,0.0,10.0
FCVCVGR,hemolytic_associated,0.0,3.436681306909795
FFKKFFK,hemolytic_associated,0.0,2.736241588768703
FFLGTIS,hemolytic_associated,0.0,2.736241588768703
FGKIVGK,hemolytic_associated,0.0,10.0
FGKLIKK,hemolytic_associated,0.0,4.0581696836560655
FIRKSDE,hemolytic_associated,0.0,-10.0
FKELERA,hemolytic_associated,0.0,3.058169683656065
FKGVAKG,hemolytic_associated,0.0,10.0
FKGVGKV,hemolytic_associated,0.0,10.0
FKKFKKF,hemolytic_associated,0.0,-10.0
FKNVGGS,hemolytic_associated,0.0,10.0
FKRIVKR,hemolytic_associated,0.0,3.058169683656065
FLAKKVA,hemolytic_associated,0.0,3.058169683656065
FLEIAKN,hemolytic_associated,0.0,3.1512790880475468
FLKKSLF,hemolytic_associated,0.0,10.0
FLLTLVN,hemolytic_associated,0.0,10.0
FLPIIAG,hemolytic_associated,0.0,3.543596510826307
FLPLIGR,hemolytic_associated,0.0,3.543596510826307
FLSILKK,hemolytic_associated,0.0,10.0
FSKLAGK,hemolytic_associated,0.0,3.058169683656065
FSLIPSA,hemolytic_associated,0.0,3.058169683656065
FTLKKSL,hemolytic_associated,0.0,2.736241588768703
GAIAAAL,hemolytic_associated,0.0,4.0581696836560655
GALAKGL,hemolytic_associated,0.0,3.058169683656065
GALKELA,hemolytic_associated,0.0,4.736241588768703
GCSCKSK,hemolytic_associated,0.0,2.3736715093839944
GCSCSWP,hemolytic_associated,0.0,2.543596510826307
GCTCSWP,hemolytic_associated,0.0,1.8517188061886387
GCWTKSY,hemolytic_associated,0.0,3.321204089489859
GESCVWI,hemolytic_associated,0.0,1.431387007240282
GETCTLG,hemolytic_associated,0.0,3.543596510826307
GETCVGG,hemolytic_associated,0.0,2.195673207406
GFLSILK,hemolytic_associated,0.0,10.0
GGIASLV,hemolytic_associated,0.0,4.0581696836560655
GGLIKKI,hemolytic_associated,0.0,3.736241588768703
GGLLKKI,hemolytic_associated,0.0,10.0
GGLLKNL,hemolytic_associated,0.0,4.736241588768703
GGRLCYC,hemolytic_associated,0.0,4.736241588768703
GGSLLDQ,hemolytic_associated,0.0,10.0
GGTCNTP,hemolytic_associated,0.0,2.0801959899860645
GIFSKLA,hemolytic_associated,0.0,3.058169683656065
GIGGALL,hemolytic_associated,0.0,2.321204089489859
GIGKFIH,hemolytic_associated,0.0,10.0
GILGAGK,hemolytic_associated,0.0,2.321204089489859
GKAALGA,hemolytic_associated,0.0,1.4561336695759677
GKFGKAF,hemolytic_associated,0.0,3.058169683656065
GKHIFKN,hemolytic_associated,0.0,10.0
GKIVGKV,hemolytic_associated,0.0,10.0
GKIWEGI,hemolytic_associated,0.0,4.0581696836560655
GKLLSGL,hemolytic_associated,0.0,2.0988116681534112
GKVLKQL,hemolytic_associated,0.0,10.0
GLAEHFA,hemolytic_associated,0.0,4.543596510826307
GLAKGLA,hemolytic_associated,0.0,2.9061665902110154
GLFGKLI,hemolytic_associated,0.0,4.0581696836560655
GLIDQFT,hemolytic_associated,0.0,10.0
GLLGPLL,hemolytic_associated,0.0,3.321204089489859
GLLSGIL,hemolytic_associated,0.0,2.473207182934909
GLLSLLS,hemolytic_associated,0.0,10.0
GLPTLIS,hemolytic_associated,0.0,4.321204089489859
GLPVCGE,hemolytic_associated,0.0,2.0443638841310348
GLVGSAL,hemolytic_associated,0.0,10.0
GPVLGLV,hemolytic_associated,0.0,2.643132184377221
GQHTRDA,hemolytic_associated,0.0,-10.0
GRKAISY,hemolytic_associated,0.0,4.0581696836560655
GRKKRRQ,hemolytic_associated,0.0,-2.0363479151282244
GRLCYCR,hemolytic_associated,0.0,4.736241588768703
GRVLSGI,hemolytic_associated,0.0,2.543596510826307
GSALGGL,hemolytic_associated,0.0,10.0
GSILGAL,hemolytic_associated,0.0,10.0
GSLLDQA,hemolytic_associated,0.0,10.0
GSLLGKA,hemolytic_associated,0.0,3.321204089489859
GSNTSGT,hemolytic_associated,0.0,10.0
GTCNTPG,hemolytic_associated,0.0,2.0801959899860645
GTMALHA,hemolytic_associated,0.0,10.0
GTVGSNT,hemolytic_associated,0.0,10.0
GVAKDLA,hemolytic_associated,0.0,10.0
GVAKGVA,hemolytic_associated,0.0,10.0
GVGKVRK,hemolytic_associated,0.0,10.0
HAGKAAL,hemolytic_associated,0.0,3.1512790880475468
HFLLTLV,hemolytic_associated,0.0,10.0
HIFKNVG,hemolytic_associated,0.0,10.0
IAAALPH,hemolytic_associated,0.0,4.0581696836560655
IACRLYN,hemolytic_associated,0.0,3.321204089489859
IAGGIAS,hemolytic_associated,0.0,4.0581696836560655
IAGMAAK,hemolytic_associated,0.0,3.058169683656065
IAKAALP,hemolytic_associated,0.0,10.0
IAKIVEI,hemolytic_associated,0.0,10.0
IDQFTQK,hemolytic_associated,0.0,10.0
IFCKITR,hemolytic_associated,0.0,10.0
IFKNVGG,hemolytic_associated,0.0,10.0
IFQRLKK,hemolytic_associated,0.0,4.0581696836560655
IFSKLAG,hemolytic_associated,0.0,3.058169683656065
IGCSCKS,hemolytic_associated,0.0,3.736241588768703
IGGALLS,hemolytic_associated,0.0,2.1512790880475468
IGGLISA,hemolytic_associated,0.0,2.1512790880475468
IGPVLGL,hemolytic_associated,0.0,4.0581696836560655
IGRVLSG,hemolytic_associated,0.0,2.543596510826307
IGSILGA,hemolytic_associated,0.0,10.0
IHSLIEE,hemolytic_associated,0.0,-3.7231900298685945
IIGPVLG,hemolytic_associated,0.0,4.0581696836560655
ILGGVKT,hemolytic_associated,0.0,10.0
ILGPVLG,hemolytic_associated,0.0,2.9992759946024967
ILMRIRQ,hemolytic_associated,0.0,4.0581696836560655
INQSLAF,hemolytic_associated,0.0,-10.0
IPHAVKA,hemolytic_associated,0.0,4.321204089489859
IPKIAGG,hemolytic_associated,0.0,4.321204089489859
IRKSDEL,hemolytic_associated,0.0,-10.0
IRRFRPK,hemolytic_associated,0.0,4.0581696836560655
ISAISAL,hemolytic_associated,0.0,4.321204089489859
ISLNPPR,hemolytic_associated,0.0,3.321204089489859
ISQVNEK,hemolytic_associated,0.0,-10.0
ISYAVKK,hemolytic_associated,0.0,3.321204089489859
IVGKVLK,hemolytic_associated,0.0,10.0
IVGMLGK,hemolytic_associated,0.0,3.058169683656065
IVKGLID,hemolytic_associated,0.0,10.0
IVSWAKK,hemolytic_associated,0.0,3.058169683656065
KAAGKAV,hemolytic_associated,0.0,4.0581696836560655
KAISYAV,hemolytic_associated,0.0,3.321204089489859
KALGKAL,hemolytic_associated,0.0,10.0
KALPVAK,hemolytic_associated,0.0,10.0
KASCKLS,hemolytic_associated,0.0,4.321204089489859
KCKITGC,hemolytic_associated,0.0,1.7362415887687028
KEAKLPQ,hemolytic_associated,0.0,3.058169683656065
KELASTY,hemolytic_associated,0.0,3.736241588768703
KELERAG,hemolytic_associated,0.0,3.058169683656065
KFGKAFV,hemolytic_associated,0.0,1.431387007240282
KFGKIVG,hemolytic_associated,0.0,10.0
KFKKFKK,hemolytic_associated,0.0,-10.0
KFLAKKV,hemolytic_associated,0.0,3.058169683656065
KGALKEL,hemolytic_associated,0.0,4.736241588768703
KGLAEHF,hemolytic_associated,0.0,3.473207182934909
KGLAKGL,hemolytic_associated,0.0,2.4143134938813406
KGLIDQF,hemolytic_associated,0.0,10.0
KGVAKDL,hemolytic_associated,0.0,10.0
KGVAKGV,hemolytic_associated,0.0,10.0
KGVGKVR,hemolytic_associated,0.0,10.0
KHIFKNV,hemolytic_associated,0.0,10.0
KIAGGIA,hemolytic_associated,0.0,4.321204089489859
KIEKVGQ,hemolytic_associated,0.0,4.321204089489859
KIERVGQ,hemolytic_associated,0.0,-10.0
KIFCKIT,hemolytic_associated,0.0,10.0
KILGGVK,hemolytic_associated,0.0,10.0
KINQSLA,hemolytic_associated,0.0,-10.0
KIRRFRP,hemolytic_associated,0.0,4.0581696836560655
KIVEIVK,hemolytic_associated,0.0,10.0
KIVGKVL,hemolytic_associated,0.0,10.0
KKALPVA,hemolytic_associated,0.0,10.0
KKARGKH,hemolytic_associated,0.0,3.058169683656065
KKFAKKF,hemolytic_associated,0.0,1.321204089489859
KKFKKFK,hemolytic_associated,0.0,-10.0
KKIERVG,hemolytic_associated,0.0,-10.0
KKIGKKI,hemolytic_associated,0.0,-10.0
KKLKKLL,hemolytic_associated,0.0,2.9061665902110154
KKLLGKN,hemolytic_associated,0.0,10.0
KKSLFLV,hemolytic_associated,0.0,2.736241588768703
KKVAKTV,hemolytic_associated,0.0,3.058169683656065
KKVSAVA,hemolytic_associated,0.0,10.0
KKYGPII,hemolytic_associated,0.0,3.058169683656065
KLFKKIE,hemolytic_associated,0.0,3.321204089489859
KLFKKIS,hemolytic_associated,0.0,10.0
KLGKKLG,hemolytic_associated,0.0,10.0
KLKKLLK,hemolytic_associated,0.0,2.736241588768703
KLKSIVS,hemolytic_associated,0.0,3.321204089489859
KLLGKNW,hemolytic_associated,0.0,10.0
KLLKKLK,hemolytic_associated,0.0,3.321204089489859
KLLKLPK,hemolytic_associated,0.0,10.0
KLLSGLL,hemolytic_associated,0.0,3.543596510826307
KLLSTAA,hemolytic_associated,0.0,4.321204089489859
KLPKKLL,hemolytic_associated,0.0,10.0
KNEQELL,hemolytic_associated,0.0,-4.071113333288901
KNLAKTA,hemolytic_associated,0.0,10.0
KNLLISG,hemolytic_associated,0.0,3.321204089489859
KNPLEEC,hemolytic_associated,0.0,10.0
KNVAKNV,hemolytic_associated,0.0,2.736241588768703
KQAAKQG,hemolytic_associated,0.0,3.058169683656065
KQAGKAG,hemolytic_associated,0.0,3.058169683656065
KQIACRL,hemolytic_associated,0.0,2.736241588768703
KQLKKVS,hemolytic_associated,0.0,10.0
KSIVSWA,hemolytic_associated,0.0,4.321204089489859
KSKVCYR,hemolytic_associated,0.0,3.195673207406
KTAGKGA,hemolytic_associated,0.0,4.0581696836560655
KTAGKHI,hemolytic_associated,0.0,10.0
KTMLKKL,hemolytic_associated,0.0,4.0581696836560655
KTVAKQA,hemolytic_associated,0.0,3.058169683656065
KVAKTVA,hemolytic_associated,0.0,3.058169683656065
KVCYRNG,hemolytic_associated,0.0,3.473207182934909
KVLDKFG,hemolytic_associated,0.0,10.0
KVLKQLK,hemolytic_associated,0.0,10.0
KVMAHMK,hemolytic_associated,0.0,10.0
KVSAVAK,hemolytic_associated,0.0,10.0
KWASLWN,hemolytic_associated,0.0,-4.170649006839816
KWKKLLK,hemolytic_associated,0.0,2.736241588768703
KWLLKLL,hemolytic_associated,0.0,10.0
KYGPIIV,hemolytic_associated,0.0,3.058169683656065
LAEHFAN,hemolytic_associated,0.0,4.321204089489859
LAFIRKS,hemolytic_associated,0.0,-10.0
LAGLAAN,hemolytic_associated,0.0,5.0581696836560655
LAKALAK,hemolytic_associated,0.0,10.0
LAKGLAE,hemolytic_associated,0.0,2.9061665902110154
LAKKVAK,hemolytic_associated,0.0,3.058169683656065
LAKTAGK,hemolytic_associated,0.0,4.321204089489859
LALAALP,hemolytic_associated,0.0,10.0
LALALAL,hemolytic_associated,0.0,-10.0
LASTYVN,hemolytic_associated,0.0,4.0581696836560655
LCEEERN,hemolytic_associated,0.0,4.0581696836560655
LCYCRRR,hemolytic_associated,0.0,4.67484104410456
LDKFGKI,hemolytic_associated,0.0,10.0
LDKWASL,hemolytic_associated,0.0,-10.0
LDQAKCK,hemolytic_associated,0.0,10.0
LEECFRE,hemolytic_associated,0.0,2.736241588768703
LEIAKNG,hemolytic_associated,0.0,3.1512790880475468
LELDKWA,hemolytic_associated,0.0,-10.0
LERAGQR,hemolytic_associated,0.0,3.058169683656065
LFCKITK,hemolytic_associated,0.0,4.0581696836560655
LFGKLIK,hemolytic_associated,0.0,4.0581696836560655
LFKKIEK,hemolytic_associated,0.0,3.321204089489859
LGALFKV,hemolytic_associated,0.0,3.1512790880475468
LGGLIKK,hemolytic_associated,0.0,3.1512790880475468
LGGLLKK,hemolytic_associated,0.0,10.0
LGGLLKN,hemolytic_associated,0.0,2.4143134938813406
LGLVGSA,hemolytic_associated,0.0,10.0
LGLVSNA,hemolytic_associated,0.0,3.058169683656065
LGPVLGL,hemolytic_associated,0.0,2.388318285348396
LGTMALH,hemolytic_associated,0.0,10.0
LGTVGSN,hemolytic_associated,0.0,10.0
LHAGKAA,hemolytic_associated,0.0,3.321204089489859
LIDQFTQ,hemolytic_associated,0.0,10.0
LIGRVLS,hemolytic_associated,0.0,2.543596510826307
LIHSLIE,hemolytic_associated,0.0,-3.6560758340100574
LIPHAVK,hemolytic_associated,0.0,10.0
LIPSAIS,hemolytic_associated,0.0,4.321204089489859
LISWIKN,hemolytic_associated,0.0,2.736241588768703
LKCKITG,hemolytic_associated,0.0,1.7362415887687028
LKELAST,hemolytic_associated,0.0,4.543596510826307
LKGALKE,hemolytic_associated,0.0,10.0
LKGVLKT,hemolytic_associated,0.0,10.0
LKKIGKK,hemolytic_associated,0.0,-10.0
LKKKIQE,hemolytic_associated,0.0,3.058169683656065
LKKLKKL,hemolytic_associated,0.0,2.4143134938813406
LKKSLFL,hemolytic_associated,0.0,3.321204089489859
LKKSLLL,hemolytic_associated,0.0,2.736241588768703
LKKVLKA,hemolytic_associated,0.0,2.025748205963688
LKKVSAV,hemolytic_associated,0.0,10.0
LKLKSIV,hemolytic_associated,0.0,3.321204089489859
LKLLKLL,hemolytic_associated,0.0,4.0581696836560655
LKLLLKL,hemolytic_associated,0.0,2.473207182934909
LKNLAKT,hemolytic_associated,0.0,10.0
LKQAGKA,hemolytic_associated,0.0,3.058169683656065
LKQLKKV,hemolytic_associated,0.0,10.0
LKSIVSW,hemolytic_associated,0.0,4.0581696836560655
LKTAGKH,hemolytic_associated,0.0,3.906166590211016
LKWLLKL,hemolytic_associated,0.0,10.0
LLDQAKC,hemolytic_associated,0.0,10.0
LLELDKW,hemolytic_associated,0.0,-10.0
LLISGLK,hemolytic_associated,0.0,3.058169683656065
LLKKLKK,hemolytic_associated,0.0,2.195673207406
LLKKVLK,hemolytic_associated,0.0,2.025748205963688
LLKLGLK,hemolytic_associated,0.0,4.0581696836560655
LLKLLLK,hemolytic_associated,0.0,2.321204089489859
LLKQAGK,hemolytic_associated,0.0,3.058169683656065
LLNKASC,hemolytic_associated,0.0,4.321204089489859
LLSGILG,hemolytic_associated,0.0,2.584238495323653
LLSLGLK,hemolytic_associated,0.0,10.0
LLSLLSL,hemolytic_associated,0.0,10.0
LMRIRQM,hemolytic_associated,0.0,4.0581696836560655
LNAVLVG,hemolytic_associated,0.0,2.9586340101051505
LNKASCK,hemolytic_associated,0.0,4.321204089489859
LPIAKAA,hemolytic_associated,0.0,10.0
LPKIFCK,hemolytic_associated,0.0,10.0
LPKKLLK,hemolytic_associated,0.0,10.0
LPKLFCL,hemolytic_associated,0.0,10.0
LPLIGRV,hemolytic_associated,0.0,2.736241588768703
LPRPRPR,hemolytic_associated,0.0,-10.0
LPTLISW,hemolytic_associated,0.0,4.321204089489859
LPVAKKI,hemolytic_associated,0.0,10.0
LRKHRKH,hemolytic_associated,0.0,4.321204089489859
LSGILGA,hemolytic_associated,0.0,2.321204089489859
LSILKKV,hemolytic_associated,0.0,10.0
LSLALAA,hemolytic_associated,0.0,10.0
LSLGLKL,hemolytic_associated,0.0,10.0
LSLIPKI,hemolytic_associated,0.0,4.321204089489859
LSLLSLL,hemolytic_associated,0.0,10.0
LVGSALG,hemolytic_associated,0.0,10.0
LVKTVLF,hemolytic_associated,0.0,10.0
LWMTLLK,hemolytic_associated,0.0,10.0
LYRKVYG,hemolytic_associated,0.0,3.058169683656065
LYRRLYR,hemolytic_associated,0.0,6.128559011547464
MADVIAK,hemolytic_associated,0.0,10.0
MAFLKKS,hemolytic_associated,0.0,10.0
MALHAGK,hemolytic_associated,0.0,10.0
MALKLLK,hemolytic_associated,0.0,10.0
MFTLKKS,hemolytic_associated,0.0,2.584238495323653
MRIRQMM,hemolytic_associated,0.0,4.0581696836560655
MTLLKKV,hemolytic_associated,0.0,10.0
NALGGLL,hemolytic_associated,0.0,3.058169683656065
NAVLVGA,hemolytic_associated,0.0,3.543596510826307
NEKINQS,hemolytic_associated,0.0,-10.0
NEQELLE,hemolytic_associated,0.0,-3.907614601006022
NFLPKIF,hemolytic_associated,0.0,4.543596510826307
NKASCKL,hemolytic_associated,0.0,4.543596510826307
NLAKTAG,hemolytic_associated,0.0,10.0
NLLISGL,hemolytic_associated,0.0,3.321204089489859
NPFKELE,hemolytic_associated,0.0,3.058169683656065
NPLEECF,hemolytic_associated,0.0,3.195673207406
NQQEKNE,hemolytic_associated,0.0,-4.170649006839816
NQSLAFI,hemolytic_associated,0.0,-10.0
NTPGCSC,hemolytic_associated,0.0,1.873745112518638
NTPGCTC,hemolytic_associated,0.0,2.058169683656065
NWKKILG,hemolytic_associated,0.0,10.0
PAICQRA,hemolytic_associated,0.0,10.0
PFKELER,hemolytic_associated,0.0,3.058169683656065
PGCSCSW,hemolytic_associated,0.0,2.736241588768703
PGCTCSW,hemolytic_associated,0.0,1.8517188061886387
PHAVKAI,hemolytic_associated,0.0,4.321204089489859
PIAKAAL,hemolytic_associated,0.0,10.0
PIVGKLL,hemolytic_associated,0.0,2.321204089489859
PKIAGGI,hemolytic_associated,0.0,4.321204089489859
PKIFCKI,hemolytic_associated,0.0,10.0
PKLFCLI,hemolytic_associated,0.0,10.0
PLEECFR,hemolytic_associated,0.0,2.736241588768703
PLIGRVL,hemolytic_associated,0.0,2.736241588768703
PLIPHAV,hemolytic_associated,0.0,10.0
PLLAGLA,hemolytic_associated,0.0,10.0
PRLPRPR,hemolytic_associated,0.0,-10.0
PRPPHPR,hemolytic_associated,0.0,-10.0
PTLISWI,hemolytic_associated,0.0,4.321204089489859
PVAKKIG,hemolytic_associated,0.0,10.0
PVLGLVG,hemolytic_associated,0.0,3.195673207406
QAAKQGA,hemolytic_associated,0.0,3.058169683656065
QAANVAA,hemolytic_associated,0.0,-10.0
QAKCKIS,hemolytic_associated,0.0,10.0
QEKNEQE,hemolytic_associated,0.0,-4.121739406358869
QELLELD,hemolytic_associated,0.0,-3.78732036728831
QIACRLY,hemolytic_associated,0.0,3.321204089489859
QLKKVSA,hemolytic_associated,0.0,10.0
QNQQEKN,hemolytic_associated,0.0,-4.121739406358869
QPRPPHP,hemolytic_associated,0.0,-10.0
QQAANVA,hemolytic_associated,0.0,-10.0
QQEKNEQ,hemolytic_associated,0.0,-4.194495748794184
QRATATL,hemolytic_associated,0.0,10.0
QSLAFIR,hemolytic_associated,0.0,-10.0
QSLLNKA,hemolytic_associated,0.0,4.0581696836560655
QVNEKIN,hemolytic_associated,0.0,-10.0
RATATLG,hemolytic_associated,0.0,10.0
RDVEVEK,hemolytic_associated,0.0,3.058169683656065
RFCVCVG,hemolytic_associated,0.0,3.543596510826307
RGCWTKS,hemolytic_associated,0.0,4.0581696836560655
RGGRLCY,hemolytic_associated,0.0,4.823704430019042
RIRQMMT,hemolytic_associated,0.0,4.0581696836560655
RKAISYA,hemolytic_associated,0.0,3.321204089489859
RKSDELL,hemolytic_associated,0.0,-10.0
RLCYCRR,hemolytic_associated,0.0,4.6431321843772215
RLCYKQR,hemolytic_associated,0.0,4.0581696836560655
RLPRPRP,hemolytic_associated,0.0,-10.0
RLYRKVY,hemolytic_associated,0.0,3.058169683656065
RLYRRLY,hemolytic_associated,0.0,6.128559011547464
RPPHPRL,hemolytic_associated,0.0,-10.0
RRFCVCV,hemolytic_associated,0.0,3.736241588768703
RRLCYKQ,hemolytic_associated,0.0,4.0581696836560655
RRLYRRL,hemolytic_associated,0.0,10.0
RRRFCVC,hemolytic_associated,0.0,4.543596510826307
RRRWRRR,hemolytic_associated,0.0,10.0
RRWWWRR,hemolytic_associated,0.0,4.321204089489859
RVCYRRC,hemolytic_associated,0.0,4.321204089489859
RVLSGIL,hemolytic_associated,0.0,3.736241588768703
SAIGCSC,hemolytic_associated,0.0,2.736241588768703
SALGGLL,hemolytic_associated,0.0,10.0
SCKLSGQ,hemolytic_associated,0.0,3.736241588768703
SCKSKVC,hemolytic_associated,0.0,2.183700565739924
SCSWPVC,hemolytic_associated,0.0,2.543596510826307
SCVWIPC,hemolytic_associated,0.0,1.5518170176312756
SDLDKNQ,hemolytic_associated,0.0,10.0
SGILGAG,hemolytic_associated,0.0,2.321204089489859
SILGALA,hemolytic_associated,0.0,10.0
SILKKVL,hemolytic_associated,0.0,10.0
SISQVNE,hemolytic_associated,0.0,-10.0
SIVSWAK,hemolytic_associated,0.0,4.543596510826307
SKLAGKK,hemolytic_associated,0.0,3.058169683656065
SKVCYRN,hemolytic_associated,0.0,2.9992759946024967
SLAFIRK,hemolytic_associated,0.0,-10.0
SLALAAL,hemolytic_associated,0.0,10.0
SLCEEER,hemolytic_associated,0.0,2.9586340101051505
SLGLKLL,hemolytic_associated,0.0,10.0
SLIHSLI,hemolytic_associated,0.0,-3.621310415849381
SLIPSAI,hemolytic_associated,0.0,3.736241588768703
SLLDQAK,hemolytic_associated,0.0,10.0
SLLNKAS,hemolytic_associated,0.0,4.0581696836560655
SLLSLLG,hemolytic_associated,0.0,10.0
SMIPKIA,hemolytic_associated,0.0,10.0
SNPKRVV,hemolytic_associated,0.0,3.058169683656065
SNTSGTT,hemolytic_associated,0.0,10.0
SQVNEKI,hemolytic_associated,0.0,-10.0
SVLKGVL,hemolytic_associated,0.0,10.0
SWAKKVL,hemolytic_associated,0.0,4.0581696836560655
SWLRDIW,hemolytic_associated,0.0,1.8882446822137529
SWPVCTR,hemolytic_associated,0.0,1.814244100769976
SYAVKKA,hemolytic_associated,0.0,3.321204089489859
TAGKGAL,hemolytic_associated,0.0,4.0581696836560655
TAGKHIF,hemolytic_associated,0.0,10.0
TATLGTV,hemolytic_associated,0.0,10.0
TCGETCF,hemolytic_associated,0.0,3.543596510826307
TCNTPGC,hemolytic_associated,0.0,2.092385398993978
TCVGGTC,hemolytic_associated,0.0,2.259803544825716
TKEAKLP,hemolytic_associated,0.0,3.058169683656065
TLGTVGS,hemolytic_associated,0.0,10.0
TLISWIK,hemolytic_associated,0.0,2.736241588768703
TLKKSLL,hemolytic_associated,0.0,2.736241588768703
TLKNLAK,hemolytic_associated,0.0,10.0
TLLKKVL,hemolytic_associated,0.0,2.195673207406
TLVNLAK,hemolytic_associated,0.0,5.436681306909796
TMALHAG,hemolytic_associated,0.0,10.0
TPGCSCS,hemolytic_associated,0.0,2.610710706684844
TPGCTCS,hemolytic_associated,0.0,2.058169683656065
TRDATIQ,hemolytic_associated,0.0,-10.0
TSLIHSL,hemolytic_associated,0.0,-3.58568650611866
TSNPKRV,hemolytic_associated,0.0,3.058169683656065
TVAKQAA,hemolytic_associated,0.0,3.058169683656065
TVGSNTS,hemolytic_associated,0.0,10.0
VAKGVAK,hemolytic_associated,0.0,4.543596510826307
VAKQAAK,hemolytic_associated,0.0,3.058169683656065
VAKTVAK,hemolytic_associated,0.0,3.058169683656065
VCGETCV,hemolytic_associated,0.0,2.50177633513168
VCYRNGI,hemolytic_associated,0.0,3.1512790880475468
VCYRRCN,hemolytic_associated,0.0,4.321204089489859
VDIHVWD,hemolytic_associated,0.0,10.0
VFIPCIS,hemolytic_associated,0.0,2.543596510826307
VGGSLLD,hemolytic_associated,0.0,10.0
VGGTCNT,hemolytic_associated,0.0,2.559363826684624
VGKLLSG,hemolytic_associated,0.0,2.543596510826307
VGKVLKQ,hemolytic_associated,0.0,10.0
VGMLGKL,hemolytic_associated,0.0,3.058169683656065
VGSALGG,hemolytic_associated,0.0,10.0
VGSNTSG,hemolytic_associated,0.0,10.0
VKGLIDQ,hemolytic_associated,0.0,10.0
VKKARGK,hemolytic_associated,0.0,3.321204089489859
VLDKFGK,hemolytic_associated,0.0,10.0
VLGLVGS,hemolytic_associated,0.0,10.0
VLKGVLK,hemolytic_associated,0.0,10.0
VLKQLKK,hemolytic_associated,0.0,10.0
VLLALLA,hemolytic_associated,0.0,-10.0
VNEKINQ,hemolytic_associated,0.0,-10.0
VNLAKKI,hemolytic_associated,0.0,5.6431321843772215
VRTGIDI,hemolytic_associated,0.0,3.058169683656065
VSAVAKV,hemolytic_associated,0.0,10.0
VSWAKKV,hemolytic_associated,0.0,3.058169683656065
VWIPCIS,hemolytic_associated,0.0,1.8517188061886387
WASLWNW,hemolytic_associated,0.0,-4.241038334731214
WKKLLKK,hemolytic_associated,0.0,2.851718806188639
WKKYGPI,hemolytic_associated,0.0,3.058169683656065
WKQIACR,hemolytic_associated,0.0,2.736241588768703
WMTLLKK,hemolytic_associated,0.0,10.0
WNPFKEL,hemolytic_associated,0.0,3.058169683656065
WPVCTRN,hemolytic_associated,0.0,1.665852260877305
WRWWRWW,hemolytic_associated,0.0,4.543596510826307
WTKSYPP,hemolytic_associated,0.0,3.321204089489859
WWRWWRW,hemolytic_associated,0.0,10.0
YAVKKAR,hemolytic_associated,0.0,3.321204089489859
YCRRRFC,hemolytic_associated,0.0,4.945694954397653
YEEFLEI,hemolytic_associated,0.0,2.584238495323653
YGPIIVP,hemolytic_associated,0.0,3.058169683656065
YRRLYRR,hemolytic_associated,0.0,10.0
YTSLIHS,hemolytic_associated,0.0,-3.621310415849381
